0 0 0 1.71959e-05 2.46894e-06 4.88013e-07 -2.68519e-05
0 0 1 1.71959e-05 2.46894e-06 4.88013e-07 -2.68519e-05
0 0 2 1.71959e-05 2.46894e-06 4.88013e-07 -2.68519e-05
0 0 3 1.71959e-05 2.46894e-06 4.88013e-07 -2.68519e-05
0 0 4 1.71959e-05 2.46894e-06 4.88013e-07 -2.68519e-05
0 0 5 1.71959e-05 2.46894e-06 4.88013e-07 -2.68519e-05
0 0 6 1.71959e-05 2.46894e-06 4.88013e-07 -2.68519e-05
0 0 7 1.71959e-05 2.46894e-06 4.88013e-07 -2.68519e-05
0 0 8 1.71959e-05 2.46894e-06 4.88013e-07 -2.68519e-05
0 0 9 1.71959e-05 2.46894e-06 4.88013e-07 -2.68519e-05
0 0 10 1.71959e-05 2.46894e-06 4.88013e-07 -2.68519e-05
0 0 11 1.71959e-05 2.46894e-06 4.88013e-07 -2.68519e-05
0 0 12 1.71959e-05 2.46894e-06 4.88013e-07 -2.68519e-05
0 0 13 1.71959e-05 2.46894e-06 4.88013e-07 -2.68519e-05
0 0 14 1.71959e-05 2.46894e-06 4.88013e-07 -2.68519e-05
0 0 15 1.71959e-05 2.46894e-06 4.88013e-07 -2.68519e-05
0 0 16 1.71959e-05 2.46894e-06 4.88013e-07 -2.68519e-05
0 0 17 1.71959e-05 2.46894e-06 4.88013e-07 -2.68519e-05
0 0 18 1.71959e-05 2.46894e-06 4.88013e-07 -2.68519e-05
0 0 19 1.71959e-05 2.46894e-06 4.88013e-07 -2.68519e-05
0 0 20 1.71959e-05 2.46894e-06 4.88013e-07 -2.68519e-05
0 0 21 1.71959e-05 2.46894e-06 4.88013e-07 -2.68519e-05
0 0 22 1.71959e-05 2.46894e-06 4.88013e-07 -2.68519e-05
0 0 23 1.71959e-05 2.46894e-06 4.88013e-07 -2.68519e-05
0 0 24 1.71959e-05 2.46894e-06 4.88013e-07 -2.68519e-05
0 0 25 1.71959e-05 2.46894e-06 4.88013e-07 -2.68519e-05
0 0 26 1.71959e-05 2.46894e-06 4.88013e-07 -2.68519e-05
0 0 27 1.71959e-05 2.46894e-06 4.88013e-07 -2.68519e-05
0 0 28 1.71959e-05 2.46894e-06 4.88013e-07 -2.68519e-05
0 0 29 1.71959e-05 2.46894e-06 4.88013e-07 -2.68519e-05
0 0 30 1.71959e-05 2.46894e-06 4.88013e-07 -2.68519e-05
0 0 31 1.71959e-05 2.46894e-06 4.88013e-07 -2.68519e-05
0 0 32 1.71959e-05 2.46894e-06 4.88013e-07 -2.68519e-05
0 0 33 1.71959e-05 2.46894e-06 4.88013e-07 -2.68519e-05
0 0 34 1.71959e-05 2.46894e-06 4.88013e-07 -2.68519e-05
0 0 35 1.71959e-05 2.46894e-06 4.88013e-07 -2.68519e-05
0 0 36 1.71959e-05 2.46894e-06 4.88013e-07 -2.68519e-05
0 0 37 1.71959e-05 2.46894e-06 4.88013e-07 -2.68519e-05
0 0 38 1.71959e-05 2.46894e-06 4.88013e-07 -2.68519e-05
0 0 39 1.71959e-05 2.46894e-06 4.88013e-07 -2.68519e-05
0 0 40 1.71959e-05 2.46894e-06 4.88013e-07 -2.68519e-05
0 0 41 1.71959e-05 2.46894e-06 4.88013e-07 -2.68519e-05
0 0 42 1.71959e-05 2.46894e-06 4.88013e-07 -2.68519e-05
0 0 43 1.71959e-05 2.46894e-06 4.88013e-07 -2.68519e-05
0 0 44 1.71959e-05 2.46894e-06 4.88013e-07 -2.68519e-05
0 0 45 1.71959e-05 2.46894e-06 4.88013e-07 -2.68519e-05
0 0 46 1.71959e-05 2.46894e-06 4.88013e-07 -2.68519e-05
0 0 47 1.71959e-05 2.46894e-06 4.88013e-07 -2.68519e-05
0 0 48 1.71959e-05 2.46894e-06 4.88013e-07 -2.68519e-05
0 0 49 1.71959e-05 2.46894e-06 4.88013e-07 -2.68519e-05
0 0 50 1.71959e-05 2.46894e-06 4.88013e-07 -2.68519e-05
0 0 51 1.71959e-05 2.46894e-06 4.88013e-07 -2.68519e-05
0 0 52 1.71959e-05 2.46894e-06 4.88013e-07 -2.68519e-05
0 0 53 1.71959e-05 2.46894e-06 4.88013e-07 -2.68519e-05
0 0 54 1.71959e-05 2.46894e-06 4.88013e-07 -2.68519e-05
0 0 55 1.71959e-05 2.46894e-06 4.88013e-07 -2.68519e-05
0 0 56 1.71959e-05 2.46894e-06 4.88013e-07 -2.68519e-05
0 0 57 1.71959e-05 2.46894e-06 4.88013e-07 -2.68519e-05
0 0 58 1.71959e-05 2.46894e-06 4.88013e-07 -2.68519e-05
0 0 59 1.71959e-05 2.46894e-06 4.88013e-07 -2.68519e-05
0 0 60 1.71959e-05 2.46894e-06 4.88013e-07 -2.68519e-05
0 0 61 1.71959e-05 2.46894e-06 4.88013e-07 -2.68519e-05
0 0 62 1.71959e-05 2.46894e-06 4.88013e-07 -2.68519e-05
0 0 63 1.71959e-05 2.46894e-06 4.88013e-07 -2.68519e-05
0 0 64 1.71959e-05 2.46894e-06 4.88013e-07 -2.68519e-05
0 0 65 1.71959e-05 2.46894e-06 4.88013e-07 -2.68519e-05
0 0 66 1.71959e-05 2.46894e-06 4.88013e-07 -2.68519e-05
0 0 67 1.71959e-05 2.46894e-06 4.88013e-07 -2.68519e-05
0 0 68 1.71959e-05 2.46894e-06 4.88013e-07 -2.68519e-05
0 0 69 1.71959e-05 2.46894e-06 4.88013e-07 -2.68519e-05
0 0 70 1.71959e-05 2.46894e-06 4.88013e-07 -2.68519e-05
0 0 71 1.71959e-05 2.46894e-06 4.88013e-07 -2.68519e-05
0 0 72 1.71959e-05 2.46894e-06 4.88013e-07 -2.68519e-05
0 0 73 1.71959e-05 2.46894e-06 4.88013e-07 -2.68519e-05
0 0 74 1.71959e-05 2.46894e-06 4.88013e-07 -2.68519e-05
0 0 75 1.71959e-05 2.46894e-06 4.88013e-07 -2.68519e-05
0 0 76 1.71959e-05 2.46894e-06 4.88013e-07 -2.68519e-05
0 0 77 1.71959e-05 2.46894e-06 4.88013e-07 -2.68519e-05
0 0 78 1.71959e-05 2.46894e-06 4.88013e-07 -2.68519e-05
0 0 79 1.71959e-05 2.46894e-06 4.88013e-07 -2.68519e-05
0 0 80 1.71959e-05 2.46894e-06 4.88013e-07 -2.68519e-05
0 0 81 1.71959e-05 2.46894e-06 4.88013e-07 -2.68519e-05
0 0 82 1.71959e-05 2.46894e-06 4.88013e-07 -2.68519e-05
0 0 83 1.71959e-05 2.46894e-06 4.88013e-07 -2.68519e-05
0 0 84 1.71959e-05 2.46894e-06 4.88013e-07 -2.68519e-05
0 0 85 1.71959e-05 2.46894e-06 4.88013e-07 -2.68519e-05
0 0 86 1.71959e-05 2.46894e-06 4.88013e-07 -2.68519e-05
0 0 87 1.71959e-05 2.46894e-06 4.88013e-07 -2.68519e-05
0 0 88 1.71959e-05 2.46894e-06 4.88013e-07 -2.68519e-05
0 0 89 1.71959e-05 2.46894e-06 4.88013e-07 -2.68519e-05
0 0 90 1.71959e-05 2.46894e-06 4.88013e-07 -2.68519e-05
0 0 91 1.71959e-05 2.46894e-06 4.88013e-07 -2.68519e-05
0 0 92 1.71959e-05 2.46894e-06 4.88013e-07 -2.68519e-05
0 0 93 -0.00013569 0.000191181 -0.000475146 0.000530705
0 0 94 0.000139534 0.00110615 -0.00198325 0.00231744
0 0 95 0.00117919 -2.04053e-05 -0.000567954 0.00186126
0 0 96 0.000965148 2.46894e-06 0.000447117 -0.000128224
0 0 97 -0.00126708 0.00162082 0.000452917 0.00144309
0 0 98 -0.00126708 -0.000780972 0.000858944 -0.00047037
0 0 99 0.000445306 -0.00131851 7.58916e-05 0.000125214
0 0 100 0.00154614 0.000808784 -0.000254732 0.000910863
0 0 101 0.000812262 -0.00127277 -0.000724562 0.000429332
0 0 102 -0.00013569 -0.00151866 0.000273105 0.000720784
0 0 103 -0.000319153 0.00066582 0.000818342 0.00105025
0 0 104 0.000170112 -0.00047217 0.000713933 -0.000660434
0 0 105 -0.00034973 -0.00160444 -0.000306934 -0.00100258
0 0 106 -7.45356e-05 0.00152932 0.0016304 -0.00175022
0 0 107 -0.000869572 0.000557168 -0.000185125 -1.50502e-06
0 0 108 -0.00135881 -0.000249146 -0.00139741 -0.000787154
0 0 109 0.000659347 -0.000597978 -0.000770967 -0.000508383
0 0 110 -0.00114477 0.000236929 -0.000585355 -0.000394329
0 0 111 -0.000257999 0.000191181 -0.000509948 0.00208935
0 0 112 -0.000502616 0.00247288 0.00142158 -1.4171e-05
0 0 113 -0.000777841 -0.000557948 -0.000301134 -0.000508383
0 0 114 -0.00141996 0.000122558 -0.000283733 -0.000508383
0 0 115 -0.00148112 0.000888844 0.00179861 -5.21988e-05
0 0 116 -0.00117534 0.000602916 0.000858944 -0.000166237
0 0 117 -0.000196844 -0.00131851 0.000998154 0.00156981
0 0 118 0.000903994 0.00015687 0.000998154 0.000771478
0 0 119 0.00154614 0.000963185 -0.000573754 0.0010756
0 0 120 0.00114861 -0.000872469 -4.01177e-05 0.000505373
0 0 121 0.00182134 -0.00139857 -0.000608556 -0.000191584
0 0 122 0.00127092 0.000374174 -0.000863772 0.000784144
0 0 123 0.000353575 -0.00178172 -0.00154822 0.00296371
0 0 124 0.000689924 -0.000506481 0.00144478 0.00202599
0 0 125 0.000812262 0.00141495 6.42911e-05 0.000365973
0 0 126 0.000689924 -0.0010669 -0.00323033 0.000594065
0 0 127 -0.000288576 0.000254085 -0.000770967 -0.00185159
0 0 128 0.000139534 -7.1872e-05 -0.000156123 -0.0013954
0 0 129 -0.000502616 -0.000231992 -0.000770967 -1.50502e-06
0 0 130 -0.00013569 -0.00225636 -0.000359137 0.000454679
0 0 131 -0.000624955 -0.00184462 0.00185081 -0.00104059
0 0 132 -0.000808418 -0.000603696 -0.000440344 -0.000280291
0 0 133 -0.00190926 -0.000443578 0.000365913 -0.000343651
0 0 134 -0.000196844 -0.00063229 0.000980753 -0.00257389
0 0 135 0.00111803 0.00175806 0.00100975 0.00032796
0 0 136 4.77731e-05 -0.00165019 -0.00144381 0.000632092
0 0 137 -0.00148112 -7.1872e-05 0.0016188 -0.000102878
0 0 138 -0.000380307 0.000877406 -0.000196729 -0.00107861
0 0 139 0.00200483 -0.000140495 -0.00153662 -0.00214304
0 0 140 0.000598192 -4.32795e-05 -0.00168163 -0.000736475
0 0 141 0.00148499 -0.00190181 0.00091115 -0.00147143
0 0 142 -0.000624955 -0.000420704 0.000383314 0.000822157
0 0 143 0.00234118 -0.000620852 0.00329511 -0.000508383
0 0 144 0.000414729 -0.00112408 0.00304569 -0.000559062
0 0 145 0.000873417 -0.000815283 0.000864744 0.000606745
0 0 146 -0.00111419 -0.000369236 0.00118957 0.0011643
0 0 147 -0.000410885 0.000442797 0.000331108 -0.00047037
0 0 148 -0.000196844 0.000694413 -0.000910174 0.000543386
0 0 149 0.000231266 -0.000735223 -0.00194265 -0.000736475
0 0 150 -0.00151169 0.000425641 -0.00118279 -0.0018896
0 0 151 -4.39584e-05 -0.00116411 -0.000892773 -0.00191495
0 0 152 -0.000166267 -0.000477889 0.000429716 -0.00322016
0 0 153 0.0013015 0.000734443 0.00156659 0.000923544
0 0 154 0.000965148 -0.000758098 0.000951752 -0.00218105
0 0 155 -0.000624955 -0.00165591 -0.000475146 0.00032796
0 0 156 -0.000472039 0.000968903 0.000383314 0.000796825
0 0 157 0.000108957 -0.000414984 0.00106776 0.000733465
0 0 158 -0.00013569 0.000934592 -0.00135681 0.000822157
0 0 159 0.000689924 -0.000386392 -0.00194845 0.00108828
0 0 160 0.000689924 -0.00082672 -0.00081737 -0.00040701
0 0 161 -0.000655532 0.000345582 0.000476118 -0.000432342
0 0 162 7.83801e-05 0.000551449 0.0017464 -7.75307e-05
0 0 163 0.00108746 -0.000420704 0.00246565 -3.95179e-05
0 0 164 0.00117919 -0.000254866 -0.000301134 0.000847504
0 0 165 0.000598192 -0.00118127 -0.00081737 0.00013788
0 0 166 0.00127092 -0.00179887 -0.000910174 1.1161e-05
0 0 167 0.000384152 -0.00113552 0.001642 -0.00014089
0 0 168 0.00029242 -0.000289177 0.000528321 0.00221607
0 0 169 -0.00145054 -0.000712349 0.000110693 -0.000913873
0 0 170 0.00120977 -0.000780972 0.000267304 -0.000622422
0 0 171 -0.00129765 0.000105403 -0.000904374 0.00087285
0 0 172 -0.00154233 0.00031127 0.00050512 -9.02116e-05
0 0 173 1.71959e-05 -0.00116983 -0.00082897 0.000644758
0 0 174 0.000261843 -0.00120414 0.00192042 -0.00040701
0 0 175 0.00029242 0.000791628 0.000238303 0.000340641
0 0 176 0.00117919 -0.000449296 -0.00146121 -7.75307e-05
0 0 177 -0.00157291 -0.000129057 0.000545725 -0.00172487
0 0 178 0.000414729 -0.000718067 -0.00198905 0.00113896
0 0 179 -0.000196844 0.00131202 0.000342708 -0.00149678
0 0 180 0.00169903 0.000465671 0.000998154 -7.75307e-05
0 0 181 -0.000380307 0.000825939 0.001729 -0.000609756
0 0 182 -0.000747263 -0.00108977 -0.00135681 -0.000191584
0 0 183 0.00105688 0.00266731 -0.000614356 -0.0011293
0 0 184 0.000353575 -0.00074666 0.00127077 -0.000394329
0 0 185 -0.000777841 0.00156363 -0.000498347 0.00103758
0 0 186 -0.000257999 0.00144926 -0.000417143 0.000581399
0 0 187 0.000903994 -0.000803846 0.00102136 -0.00020425
0 0 188 -0.00157291 -0.00047217 4.88013e-07 0.000695452
0 0 189 0.000506461 -0.000929654 -0.000446144 0.00013788
0 0 190 -0.00102246 -0.0015301 -0.000173524 0.00158247
0 0 191 -0.000808418 -0.000849594 0.00229164 9.98676e-05
0 0 192 -0.00105304 0.000905999 0.000725538 0.00013788
0 0 193 0.000170112 0.00160938 -0.000330135 0.0010756
0 0 194 0.00136268 -0.000100465 0.00271507 -0.000394329
0 0 195 -0.00013569 -0.000666601 -0.00022573 -0.000445023
0 0 196 0.00209656 -0.00292543 0.000493519 1.1161e-05
0 0 197 0.00203541 0.00066582 -0.0012002 0.000923544
0 0 198 -0.000257999 0.00160366 -4.59179e-05 -0.000343651
0 0 199 0.000384152 -0.000495045 -0.000846371 0.000505373
0 0 200 0.000170112 -0.0023307 0.000893746 0.000746131
0 0 201 -0.000655532 -0.000100465 0.000661731 -0.00116731
0 0 202 0.000659347 -3.75612e-05 -0.00150762 0.000403985
0 0 203 -0.000594378 -0.00116983 -0.00068976 -0.00105327
0 0 204 0.000842839 0.000540012 0.0016884 0.000518039
0 0 205 0.000689924 0.000133995 0.000133894 0.000492692
0 0 206 0.000506461 0.000448516 -0.00068976 0.000175893
0 0 207 0.00117919 0.000946029 0.000110693 0.000175893
0 0 208 0.000934571 0.000797347 0.00268027 -0.00014089
0 0 209 0.000567615 -2.04053e-05 0.000278905 -0.00047037
0 0 210 0.000842839 -0.00153582 0.000447117 0.000796825
0 0 211 0.0023106 8.8247e-05 -0.00118859 0.000315294
0 0 212 -0.000410885 9.96841e-05 -0.00247048 0.00129102
0 0 213 -0.00114477 0.000540012 -0.00212826 0.00170919
0 0 214 0.0013321 -4.32795e-05 -0.00114219 0.00269759
0 0 215 0.00197425 0.00098034 0.000348508 9.98676e-05
0 0 216 -0.000319153 0.00250719 0.00155499 0.00020124
0 0 217 -0.000716686 0.000299833 0.000394914 -0.00166151
0 0 218 -0.000991881 0.00152932 -0.00169903 0.000429332
0 0 219 -0.000533193 0.00031127 -9.81204e-05 0.000315294
0 0 220 -0.00172579 0.00157507 -0.00252268 0.000150561
0 0 221 0.00154614 0.00066582 0.000899546 1.1161e-05
0 0 222 0.000842839 -0.00149007 0.00235545 -0.00154747
0 0 223 -0.000991881 -0.00195327 0.00239605 0.000226587
0 0 224 -0.00178695 -0.00169594 -5.75185e-05 1.1161e-05
0 0 225 0.0010263 0.00135776 -0.00117699 0.00222874
0 0 226 0.00124034 -8.96771e-06 -0.000794169 0.000530705
0 0 227 0.000628769 0.000631509 -0.000550549 -0.00114197
0 0 228 0.000934571 0.00144926 0.000951752 0.000302613
0 0 229 -7.45356e-05 -0.00255944 0.00227424 -0.00106594
0 0 230 -0.000838995 -0.0015301 -0.000434544 0.000657424
0 0 231 -7.45356e-05 4.82174e-05 0.000597928 -0.00204167
0 0 232 0.000475883 -0.00027774 0.000481918 -2.68519e-05
0 0 233 -0.000686109 -0.000357799 0.00187982 -0.000774488
0 0 234 4.77731e-05 -0.00229639 -0.00108999 -0.000723794
0 0 235 0.00105688 -0.0013757 0.000244103 7.45207e-05
0 0 236 -0.00175637 0.000877406 0.000383314 0.000480026
0 0 237 0.000231266 -0.000775253 -0.00197165 0.0017979
0 0 238 0.000751108 -0.00126705 0.0016594 -0.00161083
0 0 239 0.000628769 0.00151216 -0.000353336 -0.00159815
0 0 240 -0.000777841 0.00160938 -0.000567954 -0.000495702
0 0 241 -0.00138938 -0.000100465 -0.000318535 -0.00114197
0 0 242 0.00120977 0.00139779 -0.000939179 -0.00154747
0 0 243 0.00120977 0.0010604 0.000273105 -0.000381663
0 0 244 -0.000502616 -0.00109549 0.00201323 0.000353307
0 0 245 0.000414729 -0.00129564 -0.00139161 -0.000571743
0 0 246 -0.000441462 0.000620072 0.00109096 -0.00297938
0 0 247 -0.00203156 0.000928873 -0.000132922 -0.00187694
0 0 248 -0.000930727 -0.0010669 0.000998154 1.1161e-05
0 0 249 -0.000472039 0.00245001 0.00252946 0.000340641
0 0 250 7.83801e-05 0.000499982 -0.00165843 0.00117697
0 0 251 0.000689924 9.39658e-05 0.00114897 -0.00128137
0 0 252 -0.00193983 -0.00127849 -6.9119e-05 -0.000394329
0 0 253 0.000965148 -0.00161588 -0.000306934 0.000315294
0 0 254 0.000200689 -0.000975402 -0.00116539 0.00112629
0 0 255 -0.00145054 0.00156363 0.00181601 -0.0019403
0 0 256 -0.000686109 0.00106612 -0.00138001 0.00187393
0 0 257 0.00124034 0.000505701 0.000458717 -0.00145876
0 0 258 0.00163788 0.000208337 0.000632729 -0.000216931
0 0 259 -0.00108361 -0.000334925 -0.000301134 -0.00230777
0 0 260 0.000475883 -0.000449296 -0.00204705 -0.000546396
0 0 261 -0.000869572 0.000631509 -0.00070136 0.000720784
0 0 262 -4.39584e-05 0.00142639 0.00141578 -0.000368983
0 0 263 0.000108957 0.00210689 0.000806741 0.0011643
0 0 264 0.000659347 -0.000580822 -0.000156123 -7.75307e-05
0 0 265 -7.45356e-05 -0.000660882 -0.000324335 0.00020124
0 0 266 -0.00102246 0.000133995 -6.9119e-05 1.1161e-05
0 0 267 0.000353575 -0.000334925 -0.000475146 0.00115164
0 0 268 0.000537038 0.000825939 0.000325307 0.000175893
0 0 269 -0.000227422 0.00119764 0.000412315 -0.00119266
0 0 270 -0.000533193 -7.1872e-05 0.000313707 -0.00182624
0 0 271 -0.0021233 -0.000380673 0.000603728 0.00217804
0 0 272 0.00169903 -0.001593 -0.00162362 0.00169651
0 0 273 -0.00105304 -0.00221061 0.000232503 0.0019753
0 0 274 0.000445306 -0.00145576 -0.000121322 0.00230476
0 0 275 0.00114861 0.000105403 0.00190882 -0.00125602
0 0 276 -0.000869572 -0.00105546 0.000539925 -0.00237113
0 0 277 -0.000900149 0.000111121 -0.00148442 0.000518039
0 0 278 0.00145441 0.000883125 -0.00136261 0.00164583
0 0 279 0.000873417 0.000105403 0.00126497 0.000733465
0 0 280 -0.000838995 0.00043136 0.00204803 0.00189927
0 0 281 -0.000900149 8.8247e-05 0.000806741 -0.000546396
0 0 282 -4.39584e-05 0.0013692 -0.0012292 -0.000508383
0 0 283 -0.0012365 -0.000626571 -0.000405543 -0.000521049
0 0 284 -0.000747263 0.00144926 0.00052252 0.0017979
0 0 285 -0.00154233 -0.000460733 -0.000492547 0.00125301
0 0 286 0.00182134 -0.000780972 -0.00021413 3.65078e-05
0 0 287 -0.000930727 0.000688694 0.00126497 0.00173454
0 0 288 -0.000777841 -0.000843875 0.00113736 0.00208935
0 0 289 0.000659347 -0.000466452 0.000551526 0.00222874
0 0 290 -0.00111419 -0.000575104 0.00210603 -0.00180091
0 0 291 -0.00013569 -0.000723786 2.36891e-05 -0.000926554
0 0 292 -0.000319153 -0.000643726 0.00150279 -0.00128137
0 0 293 -0.000930727 0.000334145 0.00150859 -0.00116731
0 0 294 0.000628769 -6.04354e-05 0.00187982 2.38419e-05
0 0 295 -0.00034973 3.10619e-05 0.000307906 0.0023808
0 0 296 -1.33812e-05 -0.000655164 -0.000649158 0.000492692
0 0 297 0.00166845 -0.000575104 0.000226703 0.000834838
0 0 298 0.00142384 -0.000414984 0.00344012 0.000163227
0 0 299 0.00215772 -0.000312051 0.00202483 0.000657424
0 0 300 0.00124034 -0.00225064 0.00063853 -0.000761822
0 0 301 0.000445306 -0.000260584 0.00077194 0.000606745
0 0 302 -0.000319153 -0.000283458 0.00189722 9.98676e-05
0 0 303 0.000903994 -0.00249082 -0.00171643 -3.95179e-05
0 0 304 -0.000166267 0.000608635 0.00064433 4.91887e-05
0 0 305 0.00283045 -0.00171309 -5.31226e-06 0.00145575
0 0 306 0.000659347 -0.000597978 0.00107356 0.000834838
0 0 307 7.83801e-05 -0.000861031 -0.000161923 0.000340641
0 0 308 0.000934571 -0.000460733 -0.000115521 0.000733465
0 0 309 0.000567615 0.000608635 0.000470318 0.000416666
0 0 310 0.00163788 0.000591479 0.00196102 -0.00120533
0 0 311 0.00166845 -0.000563667 -0.000446144 -0.00244717
0 0 312 0.00114861 -0.00144432 0.000795141 -0.000673115
0 0 313 0.00206599 0.00188959 -1.69165e-05 0.0014811
0 0 314 0.00246349 -0.000798128 -0.00354936 0.00093621
0 0 315 0.00194365 -0.00139857 0.000464518 0.00101224
0 0 316 0.00154614 0.000259804 0.00281948 -0.000698462
0 0 317 0.00172961 0.00031127 0.000951752 -6.48648e-05
0 0 318 0.00316679 -0.000495045 0.00204223 0.000429332
0 0 319 0.00383952 0.000562886 -0.000863772 0.001215
0 0 320 0.00200483 -0.00270812 0.000331108 -0.0011293
0 0 321 0.00393128 -0.000443578 -0.000295334 -0.000381663
0 0 322 0.00374779 -0.0014672 0.000673331 0.00194995
0 0 323 0.00438994 -0.000186243 -0.000277933 0.0011643
0 0 324 0.00463459 -0.00333716 -0.00345075 0.000150561
0 0 325 0.00472632 0.000540012 0.000592127 -0.00199099
0 0 326 0.00506267 -0.00327998 0.00139838 0.000277281
0 0 327 0.00518501 -0.00109549 0.00149119 0.000277281
0 0 328 0.00344202 0.000557168 0.000760339 -0.0029287
0 0 329 0.00515443 -0.000952528 0.000882145 -0.00156014
0 0 330 0.00640815 -0.00147863 -0.00196005 0.000733465
0 0 331 0.00564367 -0.00124989 0.00177541 0.000403985
0 0 332 0.00646931 -6.04354e-05 0.00248305 -0.0013067
0 0 333 0.00723377 0.00139779 0.00139838 -0.000483036
0 0 334 0.00738665 -0.00160444 0.000104893 -0.00138274
0 0 335 0.00812054 -0.000918217 0.0017348 -0.002029
0 0 336 0.00870153 -0.000146213 0.00224524 -0.000229597
0 0 337 0.00922137 -0.000895343 0.00291809 -0.000609756
0 0 338 0.0105974 -0.000403548 0.00147959 -0.000229597
0 0 339 0.0115148 -0.000111902 0.00378814 -0.00243449
0 0 340 0.0127685 -0.000843875 0.00213503 -0.00140809
0 0 341 0.0126767 -0.000517919 0.00341112 -0.000394329
0 0 342 0.0150007 -0.000243428 0.00432178 -0.00237113
0 0 343 0.0150619 -0.00128992 0.00516864 -0.00133204
0 0 344 0.0167131 -0.00254228 0.00821965 -0.00385374
0 0 345 0.0204437 -0.00173025 0.0046234 -0.00251053
0 0 346 0.0203826 -0.00214199 0.00549926 0.00110094
0 0 347 0.022309 -0.00203905 0.00778462 -0.0018896
0 0 348 0.0273545 -0.00274815 0.00966975 -0.00249785
0 0 349 0.031452 -0.00197043 0.00871848 -0.00166151
0 0 350 0.0322471 -0.00111837 0.0113809 -0.00524764
0 0 351 0.0344487 -0.00218202 0.0131848 -0.0031568
0 0 352 0.0362529 -0.00449231 0.013498 -0.00523497
0 0 353 0.0404727 -0.00242219 0.01873 -0.00743987
0 0 354 0.0447843 -0.00428072 0.019513 -0.00709772
0 0 355 0.0501356 -0.00605919 0.021549 -0.00849162
0 0 356 0.0556703 -0.00592194 0.0231789 -0.00922659
0 0 357 0.0617554 -0.00516709 0.0301567 -0.00923927
0 0 358 0.0684522 -0.0089299 0.0340198 -0.0117736
0 0 359 0.075363 -0.00937022 0.0383121 -0.0145741
0 0 360 0.0852093 -0.0103938 0.0417227 -0.0161454
0 0 361 0.0938019 -0.0105883 0.0457134 -0.0168804
0 0 362 0.101049 -0.0137278 0.0497621 -0.0204412
0 0 363 0.10851 -0.0154319 0.0558583 -0.0264729
0 0 364 0.118968 -0.0150316 0.0614441 -0.0296029
0 0 365 0.127469 -0.0153861 0.0668616 -0.033265
0 0 366 0.138416 -0.0169873 0.0742804 -0.038093
0 0 367 0.144073 -0.0195835 0.0796979 -0.0372186
0 0 368 0.149241 -0.0198123 0.0878185 -0.0399178
0 0 369 0.157589 -0.0233292 0.0972731 -0.0427816
0 0 370 0.1656 -0.0255766 0.106571 -0.0449358
0 0 371 0.169912 -0.0257024 0.114326 -0.0437953
0 0 372 0.174682 -0.0262514 0.122429 -0.0430604
0 0 373 0.175539 -0.0253936 0.126832 -0.0463677
0 0 374 0.176853 -0.0274866 0.129198 -0.0438333
0 0 375 0.181501 -0.0287732 0.134564 -0.0464691
0 0 376 0.18352 -0.0298655 0.138711 -0.0470393
0 0 377 0.179758 -0.0275724 0.14265 -0.0477996
0 0 378 0.181654 -0.0256795 0.145538 -0.0460256
0 0 379 0.177587 -0.0274065 0.145028 -0.0476349
0 0 380 0.173031 -0.022683 0.141043 -0.0464818
0 0 381 0.165662 -0.0228031 0.139204 -0.0434532
0 0 382 0.163246 -0.0214935 0.133711 -0.0444796
0 0 383 0.154929 -0.0212591 0.135272 -0.0410455
0 0 384 0.148385 -0.019961 0.132139 -0.0377382
0 0 385 0.141015 -0.0155062 0.122099 -0.0336452
0 0 386 0.136061 -0.0149801 0.117604 -0.033227
0 0 387 0.128661 -0.0138536 0.113769 -0.0325681
0 0 388 0.123708 -0.0128128 0.107464 -0.0302745
0 0 389 0.116277 -0.0108056 0.103932 -0.0285131
0 0 390 0.110314 -0.00937022 0.102401 -0.0247369
0 0 391 0.106156 -0.00913576 0.100284 -0.023343
0 0 392 0.100896 -0.00849529 0.0971455 -0.0232036
0 0 393 0.0972266 -0.00602488 0.0934217 -0.0202764
0 0 394 0.0943217 -0.00489261 0.0912929 -0.0196555
0 0 395 0.0899795 -0.0043665 0.0889786 -0.019212
0 0 396 0.0876861 -0.00317704 0.086206 -0.0173366
0 0 397 0.0838944 -0.00390902 0.0851097 -0.0156512
0 0 398 0.0822431 -0.00259947 0.0819659 -0.0174886
0 0 399 0.0808059 -0.00253657 0.078126 -0.0141433
0 0 400 0.0778398 -0.00169022 0.0794891 -0.0146375
0 0 401 0.0760051 0.000111121 0.0779462 -0.0171338
0 0 402 0.0748431 0.00163225 0.0747038 -0.0170705
0 0 403 0.0724274 0.000843095 0.0751446 -0.0139278
0 0 404 0.0735282 0.00159222 0.0730449 -0.0142066
0 0 405 0.0703481 0.00180953 0.0723662 -0.0135097
0 0 406 0.0686356 0.0050691 0.0683814 -0.0121665
0 0 407 0.068758 0.00544652 0.0678535 -0.0129268
0 0 408 0.0692778 0.00490898 0.0701911 -0.014194
0 0 409 0.0682993 0.0067961 0.065632 -0.0128761
0 0 410 0.0689414 0.00438859 0.0644835 -0.0120777
0 0 411 0.0690943 0.00741942 0.0635844 -0.0140926
0 0 412 0.0693084 0.00815139 0.0650403 -0.0172859
0 0 413 0.0695836 0.00713349 0.0624011 -0.012762
0 0 414 0.0714183 0.00855741 0.0640369 -0.0152964
0 0 415 0.0701034 0.00928938 0.0644081 -0.0146628
0 0 416 0.0703175 0.00855741 0.06377 -0.0144981
0 0 417 0.0719993 0.00930654 0.0605392 -0.012572
0 0 418 0.0708373 0.00938088 0.0616065 -0.0138265
0 0 419 0.0714489 0.010902 0.0607596 -0.0127367
0 0 420 0.0735894 0.0132295 0.0606958 -0.0154865
0 0 421 0.0750266 0.00998705 0.059646 -0.0146881
0 0 422 0.074996 0.0128978 0.0599476 -0.0160187
0 0 423 0.0757605 0.0146763 0.0621169 -0.017666
0 0 424 0.077901 0.0130579 0.060081 -0.0143967
0 0 425 0.0780844 0.0152481 0.0596228 -0.0150176
0 0 426 0.080439 0.0172953 0.0585787 -0.0178815
0 0 427 0.0818456 0.0152538 0.057581 -0.0177547
0 0 428 0.0824266 0.0180845 0.0603362 -0.0170198
0 0 429 0.0852704 0.018136 0.0596692 -0.0195161
0 0 430 0.0882365 0.0195599 0.0585033 -0.0171591
0 0 431 0.0895208 0.0199716 0.0592341 -0.020796
0 0 432 0.0923952 0.020715 0.0577492 -0.0216703
0 0 433 0.0974101 0.0206579 0.0589093 -0.0206693
0 0 434 0.100896 0.0212068 0.0597504 -0.0239006
0 0 435 0.102975 0.0232198 0.0577898 -0.0239893
0 0 436 0.106614 0.0247352 0.057204 -0.0267897
0 0 437 0.110559 0.0262449 0.0572794 -0.0303379
0 0 438 0.114014 0.0271084 0.0586019 -0.0304772
0 0 439 0.117347 0.0286295 0.0566588 -0.0333664
0 0 440 0.122179 0.0291899 0.0592805 -0.0344308
0 0 441 0.126674 0.0307225 0.0571576 -0.0366357
0 0 442 0.13279 0.031729 0.0570706 -0.0389293
0 0 443 0.139884 0.0316832 0.0568502 -0.0436053
0 0 444 0.143523 0.0331929 0.054675 -0.0453413
0 0 445 0.148721 0.0326268 0.0559743 -0.046355
0 0 446 0.154409 0.0335474 0.0526101 -0.0489401
0 0 447 0.162481 0.0336046 0.0525231 -0.0514618
0 0 448 0.170034 0.0357033 0.0491298 -0.0548578
0 0 449 0.179514 0.0345711 0.0500753 -0.0578104
0 0 450 0.181685 0.0356118 0.0488398 -0.0598505
0 0 451 0.189024 0.0336504 0.0462992 -0.0665666
0 0 452 0.198962 0.0342394 0.0455742 -0.0709257
0 0 453 0.206759 0.0341994 0.0433062 -0.0718634
0 0 454 0.215841 0.0336275 0.0415545 -0.0729405
0 0 455 0.223394 0.030265 0.0431496 -0.0783134
0 0 456 0.228348 0.0268224 0.0382831 -0.0802268
0 0 457 0.236726 0.0279261 0.0340488 -0.083192
0 0 458 0.248713 0.0234828 0.0333702 -0.0877666
0 0 459 0.260516 0.0210925 0.031224 -0.0937096
0 0 460 0.27073 0.0167121 0.0300465 -0.0967129
0 0 461 0.279567 0.0152595 0.0284804 -0.0983475
0 0 462 0.282808 0.012589 0.0260037 -0.10111
0 0 463 0.290178 0.00890052 0.0240431 -0.106331
0 0 464 0.299657 0.00358228 0.0216418 -0.110703
0 0 465 0.307822 -0.00250797 0.0245362 -0.114783
0 0 466 0.310421 -0.00700275 0.0237473 -0.115581
0 0 467 0.313937 -0.0119436 0.0269143 -0.114669
0 0 468 0.317851 -0.0153347 0.0259283 -0.115125
0 0 469 0.328554 -0.0207158 0.0265779 -0.117064
0 0 470 0.333477 -0.019961 0.0254236 -0.121081
0 0 471 0.33837 -0.0181539 0.0289155 -0.120156
0 0 472 0.340235 -0.0175077 0.0322507 -0.119205
0 0 473 0.341489 -0.0176221 0.0387297 -0.120536
0 0 474 0.346901 -0.019269 0.0418561 -0.122424
0 0 475 0.352314 -0.0234093 0.0418909 -0.121055
0 0 476 0.35424 -0.0223227 0.0437877 -0.115746
0 0 477 0.358368 -0.017462 0.0462122 -0.116101
0 0 478 0.369499 -0.0175821 0.0491994 -0.122158
0 0 479 0.376532 -0.0128071 0.0529697 -0.124021
0 0 480 0.377908 -0.0116634 0.0600346 -0.11752
0 0 481 0.385277 -0.0123839 0.0646807 -0.120143
0 0 482 0.392157 -0.00955322 0.0647271 -0.121398
0 0 483 0.406224 -0.0109371 0.0692688 -0.124756
0 0 484 0.423562 -0.00950175 0.0736133 -0.129482
0 0 485 0.441878 -0.00895277 0.0743906 -0.135337
0 0 486 0.462825 -0.011509 0.0764439 -0.139024
0 0 487 0.4853 -0.00934735 0.0813394 -0.144688
0 0 488 0.507225 -0.00664248 0.0852779 -0.148401
0 0 489 0.537498 -0.00635083 0.0922732 -0.160123
0 0 490 0.575262 -0.0104567 0.0943613 -0.167574
0 0 491 0.608226 -0.0102852 0.102766 -0.173377
0 0 492 0.641373 -0.0142596 0.108572 -0.185276
0 0 493 0.669108 -0.0168844 0.116443 -0.190206
0 0 494 0.703662 -0.0154719 0.124083 -0.199114
0 0 495 0.734791 -0.017542 0.124721 -0.218793
0 0 496 0.766409 -0.0190346 0.138334 -0.229818
0 0 497 0.796193 -0.0187143 0.135805 -0.235672
0 0 498 0.825457 -0.0132417 0.140028 -0.243871
0 0 499 0.850745 -0.0112573 0.144778 -0.252019
0 0 500 0.876706 -0.00612209 0.144865 -0.260813
0 0 501 0.90915 0.00258153 0.138949 -0.271837
0 0 502 0.928812 0.00813424 0.131954 -0.280796
0 0 503 0.947465 0.0164719 0.129831 -0.284991
0 0 504 0.962602 0.0295959 0.116032 -0.295584
0 0 505 0.974497 0.0407414 0.108787 -0.30059
0 0 506 0.978227 0.0502456 0.09899 -0.309245
0 0 507 0.991009 0.05995 0.0804752 -0.322233
0 0 508 0.997064 0.0751842 0.0652665 -0.329051
0 0 509 0.999816 0.0866556 0.048196 -0.338909
0 0 510 0.999051 0.0951648 0.0291881 -0.34764
0 0 511 0.990856 0.0989619 0.0108646 -0.357981
0 0 512 0.98156 0.0995452 -0.00509806 -0.371653
0 0 513 0.964773 0.101164 -0.0143903 -0.382931
0 0 514 0.942542 0.101518 -0.0215538 -0.387227
0 0 515 0.920831 0.097984 -0.0312578 -0.393918
0 0 516 0.895512 0.0950332 -0.0391174 -0.39535
0 0 517 0.867991 0.0942727 -0.0444595 -0.398556
0 0 518 0.838819 0.089898 -0.0445175 -0.404397
0 0 519 0.814387 0.080754 -0.0414897 -0.412241
0 0 520 0.780047 0.0749211 -0.0348831 -0.41143
0 0 521 0.749438 0.0679845 -0.0380327 -0.411113
0 0 522 0.714793 0.0586404 -0.0324527 -0.40882
0 0 523 0.673053 0.0510062 -0.0254574 -0.394361
0 0 524 0.640578 0.0404497 -0.0194076 -0.385871
0 0 525 0.604465 0.0331357 -0.019541 -0.377191
0 0 526 0.569605 0.0251412 -0.0126096 -0.366775
0 0 527 0.536917 0.0185134 -0.0116409 -0.352494
0 0 528 0.50802 0.0104502 -0.00933815 -0.340988
0 0 529 0.475576 0.00471455 -0.00582311 -0.322994
0 0 530 0.446496 -0.00255372 -0.00408879 -0.307762
0 0 531 0.417446 -0.00575039 -0.00216886 -0.292049
0 0 532 0.388702 -0.00805496 -0.00145541 -0.273421
0 0 533 0.363566 -0.0131959 -0.00156562 -0.257607
0 0 534 0.340052 -0.0162954 -0.00229067 -0.242794
0 0 535 0.319656 -0.0170845 -0.00209346 -0.22798
0 0 536 0.300177 -0.0171875 -0.00331734 -0.212293
0 0 537 0.285316 -0.0190975 -0.00883932 -0.199076
0 0 538 0.267274 -0.0174791 -0.00923954 -0.184605
0 0 539 0.255012 -0.0174105 -0.0144019 -0.175088
0 0 540 0.239264 -0.0161295 -0.0137 -0.164989
0 0 541 0.227553 -0.0179252 -0.016432 -0.155624
0 0 542 0.215413 -0.0183541 -0.018178 -0.144802
0 0 543 0.207554 -0.0185885 -0.0215712 -0.137364
0 0 544 0.200185 -0.0200353 -0.0249644 -0.131484
0 0 545 0.192418 -0.0175191 -0.0238855 -0.122563
0 0 546 0.187678 -0.0195893 -0.0233403 -0.118217
0 0 547 0.181104 -0.0172161 -0.0268147 -0.11183
0 0 548 0.17719 -0.0201897 -0.0292393 -0.106888
0 0 549 0.174774 -0.0220711 -0.0312926 -0.10021
0 0 550 0.170615 -0.0221455 -0.0330676 -0.0967129
0 0 551 0.166762 -0.0214707 -0.0357473 -0.0913527
0 0 552 0.165264 -0.0241298 -0.0352021 -0.0899208
0 0 553 0.16239 -0.0226372 -0.0344539 -0.0851308
0 0 554 0.160524 -0.023495 -0.0364376 -0.0832427
0 0 555 0.161014 -0.0238953 -0.0373251 -0.0814813
0 0 556 0.159668 -0.026503 -0.039593 -0.0806957
0 0 557 0.158445 -0.0259712 -0.0378065 -0.0784148
0 0 558 0.158873 -0.0287161 -0.0391696 -0.0790357
0 0 559 0.1582 -0.0302486 -0.0411243 -0.0768054
0 0 560 0.15872 -0.0296768 -0.0419074 -0.0746766
0 0 561 0.159668 -0.0330107 -0.0425512 -0.0731053
0 0 562 0.159638 -0.0326333 -0.0422264 -0.0715086
0 0 563 0.16031 -0.0340057 -0.0437345 -0.0706342
0 0 564 0.160035 -0.0375398 -0.0418262 -0.0709891
0 0 565 0.158048 -0.0352238 -0.0426846 -0.0678971
0 0 566 0.158017 -0.0378886 -0.0426846 -0.0687081
0 0 567 0.159576 -0.0410853 -0.0428064 -0.0688855
0 0 568 0.158353 -0.0424634 -0.0421742 -0.066047
0 0 569 0.157069 -0.0424634 -0.0403587 -0.0622835
0 0 570 0.155387 -0.0419431 -0.0426904 -0.0621948
0 0 571 0.15551 -0.0437673 -0.0392218 -0.0615359
0 0 572 0.153338 -0.0430868 -0.0382589 -0.0594831
0 0 573 0.149057 -0.0483135 -0.0378877 -0.0597745
0 0 574 0.149088 -0.0471526 -0.0392276 -0.0580765
0 0 575 0.147437 -0.0448824 -0.0383459 -0.0581145
0 0 576 0.146886 -0.0457974 -0.0380559 -0.0547818
0 0 577 0.146856 -0.0460604 -0.0375281 -0.0577724
0 0 578 0.142238 -0.0450654 -0.0370872 -0.0525896
0 0 579 0.1434 -0.0460547 -0.0356661 -0.0518673
0 0 580 0.143584 -0.0460089 -0.036339 -0.0519433
0 0 581 0.140434 -0.0500977 -0.0341 -0.0503974
0 0 582 0.139211 -0.0497832 -0.0330328 -0.0500299
0 0 583 0.141566 -0.0509326 -0.0334098 -0.05041
0 0 584 0.141749 -0.0516474 -0.030063 -0.0502453
0 0 585 0.143676 -0.0517675 -0.0307474 -0.0494596
0 0 586 0.144899 -0.051596 -0.0306894 -0.0502199
0 0 587 0.148048 -0.0532715 -0.0320757 -0.0508662
0 0 588 0.149394 -0.0522422 -0.0289841 -0.0533625
0 0 589 0.15132 -0.0543123 -0.0251326 -0.054389
0 0 590 0.155601 -0.0554846 -0.0250746 -0.0532865
0 0 591 0.161625 -0.0547354 -0.0245816 -0.0556815
0 0 592 0.163276 -0.0563538 -0.0256315 -0.0573542
0 0 593 0.166824 -0.0588299 -0.0241872 -0.0606489
0 0 594 0.172634 -0.0568685 -0.0217162 -0.063576
0 0 595 0.179024 -0.0625984 -0.0222324 -0.0643997
0 0 596 0.185843 -0.0616663 -0.0220642 -0.0652107
0 0 597 0.189177 -0.0644227 -0.0200051 -0.0663512
0 0 598 0.194283 -0.066264 -0.0187406 -0.0694431
0 0 599 0.200613 -0.0674649 -0.0195584 -0.069988
0 0 600 0.207218 -0.0687973 -0.0206547 -0.0736882
0 0 601 0.211896 -0.0706902 -0.0187754 -0.0765266
0 0 602 0.21633 -0.0691347 -0.0159274 -0.0760071
0 0 603 0.222324 -0.0697466 -0.0151153 -0.0803409
0 0 604 0.230672 -0.071445 -0.0146281 -0.0842311
0 0 605 0.237277 -0.0742814 -0.015968 -0.0882734
0 0 606 0.247398 -0.0785417 -0.0153706 -0.0923284
0 0 607 0.258835 -0.0814525 -0.0142453 -0.0981828
0 0 608 0.270363 -0.0826362 -0.0140597 -0.100869
0 0 609 0.281463 -0.0858558 -0.0123428 -0.105178
0 0 610 0.288374 -0.0790736 -0.00904813 -0.104227
0 0 611 0.298067 -0.0751792 -0.00556209 -0.110094
0 0 612 0.308189 -0.0747561 -0.000243131 -0.114453
0 0 613 0.314304 -0.071405 0.00210023 -0.11823
0 0 614 0.322469 -0.0624783 0.0075932 -0.118648
0 0 615 0.326475 -0.0596134 0.0118275 -0.118546
0 0 616 0.323845 -0.0515845 0.0165432 -0.118154
0 0 617 0.323356 -0.0459346 0.0253308 -0.118027
0 0 618 0.317546 -0.042635 0.0274132 -0.117431
0 0 619 0.310023 -0.0402732 0.0299769 -0.113275
0 0 620 0.294948 -0.0310035 0.0307832 -0.108206
0 0 621 0.281341 -0.0271091 0.0333122 -0.102086
0 0 622 0.268069 -0.0232892 0.0360151 -0.0943939
0 0 623 0.251802 -0.0239296 0.0348029 -0.0876018
0 0 624 0.235473 -0.0176736 0.0367982 -0.0812659
0 0 625 0.224006 -0.0157578 0.0385615 -0.0734727
0 0 626 0.207279 -0.011366 0.0339676 -0.0682773
0 0 627 0.191348 -0.00942169 0.0390836 -0.0591663
0 0 628 0.17615 -0.00782622 0.0413863 -0.0517786
0 0 629 0.161748 -0.00438937 0.0377901 -0.04543
0 0 630 0.148324 -0.00142717 0.0352901 -0.0427182
0 0 631 0.136642 -0.00124417 0.033637 -0.0368892
0 0 632 0.12539 0.00133489 0.0285094 -0.0333664
0 0 633 0.114901 0.00115761 0.0269955 -0.0291974
0 0 634 0.105666 0.00325632 0.0239851 -0.0258267
0 0 635 0.0945357 0.00150645 0.0217172 -0.0214676
0 0 636 0.0889093 0.000831658 0.0199887 -0.0190853
0 0 637 0.0804696 0.00269018 0.0195188 -0.0189712
0 0 638 0.0735894 0.0016151 0.0179991 -0.0183883
0 0 639 0.0678712 0.00243285 0.0175119 -0.0159173
0 0 640 0.0610521 0.00353081 0.0149829 -0.0131929
0 0 641 0.0550587 0.0034336 0.0127556 -0.0131168
0 0 642 0.0512058 0.00444006 0.0125757 -0.0100756
0 0 643 0.0461909 0.00470311 0.0110154 -0.0101643
0 0 644 0.0419099 0.00548083 0.0111546 -0.00884643
0 0 645 0.0381793 0.00523494 0.00918251 -0.00585589
0 0 646 0.0355802 0.00539506 0.00668834 -0.00553909
0 0 647 0.0315743 0.00470883 0.00491922 -0.0049942
0 0 648 0.0268041 0.00400545 0.00734959 -0.00533634
0 0 649 0.0262231 0.00459446 0.00562687 -0.00370167
0 0 650 0.0248165 0.00405692 0.0031791 -0.00387909
0 0 651 0.0222479 0.00310192 0.00647373 -0.00399312
0 0 652 0.0194652 0.00273021 0.00570808 -0.00520962
0 0 653 0.0186396 0.0046059 0.00437979 -0.0022064
0 0 654 0.0181503 0.00564667 0.00290068 -0.00320747
0 0 655 0.0164379 0.00488039 0.00326611 -0.00149678
0 0 656 0.0162545 0.00273593 0.00325451 -0.00199099
0 0 657 0.0142057 0.0047603 0.00585889 -0.00341022
0 0 658 0.0133801 0.00308476 0.00290068 -0.00242183
0 0 659 0.0127073 0.00403976 0.00189722 -0.00100258
0 0 660 0.0124016 0.0045144 0.00491342 -0.00276396
0 0 661 0.0107809 0.003405 0.00407816 0.000340641
0 0 662 0.0117594 0.00391967 0.00370114 -0.00263725
0 0 663 0.00952715 0.00357656 0.00114897 -0.00205433
0 0 664 0.00968006 0.00182097 0.00200742 -0.00273862
0 0 665 0.00793707 0.00446293 0.00424638 -0.00177556
0 0 666 0.00867096 0.00433713 0.00296449 -0.00126868
0 0 667 0.00827342 0.003405 0.000267304 0.00150645
0 0 668 0.00812054 0.00399973 0.00153759 -0.0014461
0 0 669 0.00744781 0.00219267 0.00223944 -0.00232045
0 0 670 0.00680566 0.00228989 0.00186241 -0.0025232
0 0 671 0.00680566 0.00104896 0.00209443 -0.00181358
0 0 672 0.00564367 0.000648665 0.00284848 0.0013417
0 0 673 0.00515443 0.0015236 0.00105036 -1.4171e-05
0 0 674 0.00643873 0.00222126 0.00222204 -0.00344825
0 0 675 0.00542963 0.00174091 0.000974953 -0.0014461
0 0 676 0.00536847 0.0019239 0.000487719 -0.00120533
0 0 677 0.00649989 0.000402767 0.00104456 0.000454679
0 0 678 0.00484863 0.00148929 0.000795141 0.000467345
0 0 679 0.00549078 0.00137492 0.00138098 0.000442013
0 0 680 0.00616351 0.00187815 0.0016652 -0.00167419
0 0 681 0.00402302 0.0011233 0.00225104 -0.000292957
0 0 682 0.0041759 0.000923155 0.00247725 -0.000964567
0 0 683 0.00377837 0.000883125 0.00127077 -0.000457689
0 0 684 0.00298333 0.000591479 0.00091115 -0.0022064
0 0 685 0.00267756 0.000322707 0.00114316 -0.00102793
0 0 686 0.00325856 0.0025701 0.00277308 0.00032796
0 0 687 0.00331971 0.00197537 0.00110256 -2.68519e-05
0 0 688 0.00374779 0.0012777 0.00178701 3.65078e-05
0 0 689 0.00139326 0.00156363 0.00185081 -0.00026761
0 0 690 0.000139534 -6.61537e-05 0.00236705 -0.00107861
0 0 691 0.00393128 -0.00094681 0.000244103 -0.000559062
0 0 692 0.00264698 0.0010604 -5.17182e-05 -0.000432342
0 0 693 0.00139326 -0.000958246 0.00175221 -0.000457689
0 0 694 0.00264698 -0.00139857 0.00065593 0.000771478
0 0 695 0.00267756 -0.000735223 0.00124757 0.000353307
0 0 696 0.00136268 0.000374174 0.00175221 0.000822157
0 0 697 0.00139326 0.000694413 -0.000312734 0.00106293
0 0 698 0.00209656 0.000883125 -1.69165e-05 0.00153178
0 0 699 0.00151557 -0.00207908 0.00065593 0.000125214
0 0 700 0.00139326 -0.000209117 -0.000579555 -0.000254944
0 0 701 0.00313622 0.000905999 -0.000620157 -0.00115465
0 0 702 0.00331971 -0.000500763 -0.000289533 0.000277281
0 0 703 0.000873417 -0.00147292 0.000870544 0.00110094
0 0 704 1.71959e-05 2.46894e-06 4.88013e-07 -2.68519e-05
0 0 705 1.71959e-05 2.46894e-06 4.88013e-07 -2.68519e-05
0 0 706 1.71959e-05 2.46894e-06 4.88013e-07 -2.68519e-05
0 0 707 1.71959e-05 2.46894e-06 4.88013e-07 -2.68519e-05
0 0 708 1.71959e-05 2.46894e-06 4.88013e-07 -2.68519e-05
0 0 709 1.71959e-05 2.46894e-06 4.88013e-07 -2.68519e-05
0 0 710 1.71959e-05 2.46894e-06 4.88013e-07 -2.68519e-05
0 0 711 1.71959e-05 2.46894e-06 4.88013e-07 -2.68519e-05
0 0 712 1.71959e-05 2.46894e-06 4.88013e-07 -2.68519e-05
0 0 713 1.71959e-05 2.46894e-06 4.88013e-07 -2.68519e-05
0 0 714 1.71959e-05 2.46894e-06 4.88013e-07 -2.68519e-05
0 0 715 1.71959e-05 2.46894e-06 4.88013e-07 -2.68519e-05
0 0 716 1.71959e-05 2.46894e-06 4.88013e-07 -2.68519e-05
0 0 717 1.71959e-05 2.46894e-06 4.88013e-07 -2.68519e-05
0 0 718 1.71959e-05 2.46894e-06 4.88013e-07 -2.68519e-05
0 0 719 1.71959e-05 2.46894e-06 4.88013e-07 -2.68519e-05
0 0 720 1.71959e-05 2.46894e-06 4.88013e-07 -2.68519e-05
0 0 721 1.71959e-05 2.46894e-06 4.88013e-07 -2.68519e-05
0 0 722 1.71959e-05 2.46894e-06 4.88013e-07 -2.68519e-05
0 0 723 1.71959e-05 2.46894e-06 4.88013e-07 -2.68519e-05
0 0 724 1.71959e-05 2.46894e-06 4.88013e-07 -2.68519e-05
0 0 725 1.71959e-05 2.46894e-06 4.88013e-07 -2.68519e-05
0 0 726 1.71959e-05 2.46894e-06 4.88013e-07 -2.68519e-05
0 0 727 1.71959e-05 2.46894e-06 4.88013e-07 -2.68519e-05
0 0 728 1.71959e-05 2.46894e-06 4.88013e-07 -2.68519e-05
0 0 729 1.71959e-05 2.46894e-06 4.88013e-07 -2.68519e-05
0 0 730 1.71959e-05 2.46894e-06 4.88013e-07 -2.68519e-05
0 0 731 1.71959e-05 2.46894e-06 4.88013e-07 -2.68519e-05
0 0 732 1.71959e-05 2.46894e-06 4.88013e-07 -2.68519e-05
0 0 733 1.71959e-05 2.46894e-06 4.88013e-07 -2.68519e-05
0 0 734 1.71959e-05 2.46894e-06 4.88013e-07 -2.68519e-05
0 0 735 1.71959e-05 2.46894e-06 4.88013e-07 -2.68519e-05
0 0 736 1.71959e-05 2.46894e-06 4.88013e-07 -2.68519e-05
0 0 737 1.71959e-05 2.46894e-06 4.88013e-07 -2.68519e-05
0 0 738 1.71959e-05 2.46894e-06 4.88013e-07 -2.68519e-05
0 0 739 1.71959e-05 2.46894e-06 4.88013e-07 -2.68519e-05
0 0 740 1.71959e-05 2.46894e-06 4.88013e-07 -2.68519e-05
0 0 741 1.71959e-05 2.46894e-06 4.88013e-07 -2.68519e-05
0 0 742 1.71959e-05 2.46894e-06 4.88013e-07 -2.68519e-05
0 0 743 1.71959e-05 2.46894e-06 4.88013e-07 -2.68519e-05
0 0 744 1.71959e-05 2.46894e-06 4.88013e-07 -2.68519e-05
0 0 745 1.71959e-05 2.46894e-06 4.88013e-07 -2.68519e-05
0 0 746 1.71959e-05 2.46894e-06 4.88013e-07 -2.68519e-05
0 0 747 1.71959e-05 2.46894e-06 4.88013e-07 -2.68519e-05
0 0 748 1.71959e-05 2.46894e-06 4.88013e-07 -2.68519e-05
0 0 749 1.71959e-05 2.46894e-06 4.88013e-07 -2.68519e-05
0 0 750 1.71959e-05 2.46894e-06 4.88013e-07 -2.68519e-05
0 0 751 1.71959e-05 2.46894e-06 4.88013e-07 -2.68519e-05
0 0 752 1.71959e-05 2.46894e-06 4.88013e-07 -2.68519e-05
0 0 753 1.71959e-05 2.46894e-06 4.88013e-07 -2.68519e-05
0 0 754 1.71959e-05 2.46894e-06 4.88013e-07 -2.68519e-05
0 0 755 1.71959e-05 2.46894e-06 4.88013e-07 -2.68519e-05
0 0 756 1.71959e-05 2.46894e-06 4.88013e-07 -2.68519e-05
0 0 757 1.71959e-05 2.46894e-06 4.88013e-07 -2.68519e-05
0 0 758 1.71959e-05 2.46894e-06 4.88013e-07 -2.68519e-05
0 0 759 1.71959e-05 2.46894e-06 4.88013e-07 -2.68519e-05
0 0 760 1.71959e-05 2.46894e-06 4.88013e-07 -2.68519e-05
0 0 761 1.71959e-05 2.46894e-06 4.88013e-07 -2.68519e-05
0 0 762 1.71959e-05 2.46894e-06 4.88013e-07 -2.68519e-05
0 0 763 1.71959e-05 2.46894e-06 4.88013e-07 -2.68519e-05
0 0 764 1.71959e-05 2.46894e-06 4.88013e-07 -2.68519e-05
0 0 765 1.71959e-05 2.46894e-06 4.88013e-07 -2.68519e-05
0 0 766 1.71959e-05 2.46894e-06 4.88013e-07 -2.68519e-05
0 0 767 1.71959e-05 2.46894e-06 4.88013e-07 -2.68519e-05
0 0 768 1.71959e-05 2.46894e-06 4.88013e-07 -2.68519e-05
0 0 769 1.71959e-05 2.46894e-06 4.88013e-07 -2.68519e-05
0 0 770 1.71959e-05 2.46894e-06 4.88013e-07 -2.68519e-05
0 0 771 1.71959e-05 2.46894e-06 4.88013e-07 -2.68519e-05
0 0 772 1.71959e-05 2.46894e-06 4.88013e-07 -2.68519e-05
0 0 773 1.71959e-05 2.46894e-06 4.88013e-07 -2.68519e-05
0 0 774 1.71959e-05 2.46894e-06 4.88013e-07 -2.68519e-05
0 0 775 1.71959e-05 2.46894e-06 4.88013e-07 -2.68519e-05
0 0 776 1.71959e-05 2.46894e-06 4.88013e-07 -2.68519e-05
0 0 777 1.71959e-05 2.46894e-06 4.88013e-07 -2.68519e-05
0 0 778 1.71959e-05 2.46894e-06 4.88013e-07 -2.68519e-05
0 0 779 1.71959e-05 2.46894e-06 4.88013e-07 -2.68519e-05
0 0 780 1.71959e-05 2.46894e-06 4.88013e-07 -2.68519e-05
0 0 781 1.71959e-05 2.46894e-06 4.88013e-07 -2.68519e-05
0 0 782 1.71959e-05 2.46894e-06 4.88013e-07 -2.68519e-05
0 0 783 1.71959e-05 2.46894e-06 4.88013e-07 -2.68519e-05
0 0 784 1.71959e-05 2.46894e-06 4.88013e-07 -2.68519e-05
0 0 785 1.71959e-05 2.46894e-06 4.88013e-07 -2.68519e-05
0 0 786 1.71959e-05 2.46894e-06 4.88013e-07 -2.68519e-05
0 0 787 1.71959e-05 2.46894e-06 4.88013e-07 -2.68519e-05
0 0 788 1.71959e-05 2.46894e-06 4.88013e-07 -2.68519e-05
0 0 789 1.71959e-05 2.46894e-06 4.88013e-07 -2.68519e-05
0 0 790 1.71959e-05 2.46894e-06 4.88013e-07 -2.68519e-05
0 0 791 1.71959e-05 2.46894e-06 4.88013e-07 -2.68519e-05
0 0 792 1.71959e-05 2.46894e-06 4.88013e-07 -2.68519e-05
0 0 793 1.71959e-05 2.46894e-06 4.88013e-07 -2.68519e-05
0 0 794 1.71959e-05 2.46894e-06 4.88013e-07 -2.68519e-05
0 0 795 1.71959e-05 2.46894e-06 4.88013e-07 -2.68519e-05
0 0 796 1.71959e-05 2.46894e-06 4.88013e-07 -2.68519e-05
0 0 797 1.71959e-05 2.46894e-06 4.88013e-07 -2.68519e-05
0 0 798 1.71959e-05 2.46894e-06 4.88013e-07 -2.68519e-05
0 0 799 1.71959e-05 2.46894e-06 4.88013e-07 -2.68519e-05
0 0 800 1.71959e-05 2.46894e-06 4.88013e-07 -2.68519e-05
0 0 801 1.71959e-05 2.46894e-06 4.88013e-07 -2.68519e-05
0 0 802 1.71959e-05 2.46894e-06 4.88013e-07 -2.68519e-05
0 0 803 1.71959e-05 2.46894e-06 4.88013e-07 -2.68519e-05
0 0 804 1.71959e-05 2.46894e-06 4.88013e-07 -2.68519e-05
0 0 805 1.71959e-05 2.46894e-06 4.88013e-07 -2.68519e-05
0 0 806 1.71959e-05 2.46894e-06 4.88013e-07 -2.68519e-05
0 0 807 1.71959e-05 2.46894e-06 4.88013e-07 -2.68519e-05
0 0 808 1.71959e-05 2.46894e-06 4.88013e-07 -2.68519e-05
0 0 809 1.71959e-05 2.46894e-06 4.88013e-07 -2.68519e-05
0 0 810 1.71959e-05 2.46894e-06 4.88013e-07 -2.68519e-05
0 0 811 1.71959e-05 2.46894e-06 4.88013e-07 -2.68519e-05
0 0 812 1.71959e-05 2.46894e-06 4.88013e-07 -2.68519e-05
0 0 813 1.71959e-05 2.46894e-06 4.88013e-07 -2.68519e-05
0 0 814 1.71959e-05 2.46894e-06 4.88013e-07 -2.68519e-05
0 0 815 1.71959e-05 2.46894e-06 4.88013e-07 -2.68519e-05
0 0 816 1.71959e-05 2.46894e-06 4.88013e-07 -2.68519e-05
0 0 817 1.71959e-05 2.46894e-06 4.88013e-07 -2.68519e-05
0 0 818 1.71959e-05 2.46894e-06 4.88013e-07 -2.68519e-05
0 0 819 1.71959e-05 2.46894e-06 4.88013e-07 -2.68519e-05
0 0 820 1.71959e-05 2.46894e-06 4.88013e-07 -2.68519e-05
0 0 821 1.71959e-05 2.46894e-06 4.88013e-07 -2.68519e-05
0 0 822 1.71959e-05 2.46894e-06 4.88013e-07 -2.68519e-05
0 0 823 1.71959e-05 2.46894e-06 4.88013e-07 -2.68519e-05
0 0 824 1.71959e-05 2.46894e-06 4.88013e-07 -2.68519e-05
0 0 825 1.71959e-05 2.46894e-06 4.88013e-07 -2.68519e-05
0 0 826 1.71959e-05 2.46894e-06 4.88013e-07 -2.68519e-05
0 0 827 1.71959e-05 2.46894e-06 4.88013e-07 -2.68519e-05
0 0 828 1.71959e-05 2.46894e-06 4.88013e-07 -2.68519e-05
0 0 829 1.71959e-05 2.46894e-06 4.88013e-07 -2.68519e-05
0 0 830 1.71959e-05 2.46894e-06 4.88013e-07 -2.68519e-05
0 0 831 1.71959e-05 2.46894e-06 4.88013e-07 -2.68519e-05
0 0 832 1.71959e-05 2.46894e-06 4.88013e-07 -2.68519e-05
0 0 833 1.71959e-05 2.46894e-06 4.88013e-07 -2.68519e-05
0 0 834 1.71959e-05 2.46894e-06 4.88013e-07 -2.68519e-05
0 0 835 1.71959e-05 2.46894e-06 4.88013e-07 -2.68519e-05
0 0 836 1.71959e-05 2.46894e-06 4.88013e-07 -2.68519e-05
0 0 837 1.71959e-05 2.46894e-06 4.88013e-07 -2.68519e-05
0 0 838 1.71959e-05 2.46894e-06 4.88013e-07 -2.68519e-05
0 0 839 1.71959e-05 2.46894e-06 4.88013e-07 -2.68519e-05
0 0 840 1.71959e-05 2.46894e-06 4.88013e-07 -2.68519e-05
0 0 841 1.71959e-05 2.46894e-06 4.88013e-07 -2.68519e-05
0 0 842 1.71959e-05 2.46894e-06 4.88013e-07 -2.68519e-05
0 0 843 1.71959e-05 2.46894e-06 4.88013e-07 -2.68519e-05
0 0 844 1.71959e-05 2.46894e-06 4.88013e-07 -2.68519e-05
0 0 845 1.71959e-05 2.46894e-06 4.88013e-07 -2.68519e-05
0 0 846 1.71959e-05 2.46894e-06 4.88013e-07 -2.68519e-05
0 0 847 1.71959e-05 2.46894e-06 4.88013e-07 -2.68519e-05
0 0 848 1.71959e-05 2.46894e-06 4.88013e-07 -2.68519e-05
0 0 849 1.71959e-05 2.46894e-06 4.88013e-07 -2.68519e-05
0 0 850 1.71959e-05 2.46894e-06 4.88013e-07 -2.68519e-05
0 0 851 1.71959e-05 2.46894e-06 4.88013e-07 -2.68519e-05
0 0 852 1.71959e-05 2.46894e-06 4.88013e-07 -2.68519e-05
0 0 853 1.71959e-05 2.46894e-06 4.88013e-07 -2.68519e-05
0 0 854 1.71959e-05 2.46894e-06 4.88013e-07 -2.68519e-05
0 0 855 1.71959e-05 2.46894e-06 4.88013e-07 -2.68519e-05
0 0 856 1.71959e-05 2.46894e-06 4.88013e-07 -2.68519e-05
0 0 857 1.71959e-05 2.46894e-06 4.88013e-07 -2.68519e-05
0 0 858 1.71959e-05 2.46894e-06 4.88013e-07 -2.68519e-05
0 0 859 1.71959e-05 2.46894e-06 4.88013e-07 -2.68519e-05
0 0 860 1.71959e-05 2.46894e-06 4.88013e-07 -2.68519e-05
0 0 861 1.71959e-05 2.46894e-06 4.88013e-07 -2.68519e-05
0 0 862 1.71959e-05 2.46894e-06 4.88013e-07 -2.68519e-05
0 0 863 1.71959e-05 2.46894e-06 4.88013e-07 -2.68519e-05
0 0 864 1.71959e-05 2.46894e-06 4.88013e-07 -2.68519e-05
0 0 865 1.71959e-05 2.46894e-06 4.88013e-07 -2.68519e-05
0 0 866 1.71959e-05 2.46894e-06 4.88013e-07 -2.68519e-05
0 0 867 1.71959e-05 2.46894e-06 4.88013e-07 -2.68519e-05
0 0 868 1.71959e-05 2.46894e-06 4.88013e-07 -2.68519e-05
0 0 869 1.71959e-05 2.46894e-06 4.88013e-07 -2.68519e-05
0 0 870 1.71959e-05 2.46894e-06 4.88013e-07 -2.68519e-05
0 0 871 1.71959e-05 2.46894e-06 4.88013e-07 -2.68519e-05
0 0 872 1.71959e-05 2.46894e-06 4.88013e-07 -2.68519e-05
0 0 873 1.71959e-05 2.46894e-06 4.88013e-07 -2.68519e-05
0 0 874 1.71959e-05 2.46894e-06 4.88013e-07 -2.68519e-05
0 0 875 1.71959e-05 2.46894e-06 4.88013e-07 -2.68519e-05
0 0 876 1.71959e-05 2.46894e-06 4.88013e-07 -2.68519e-05
0 0 877 1.71959e-05 2.46894e-06 4.88013e-07 -2.68519e-05
0 0 878 1.71959e-05 2.46894e-06 4.88013e-07 -2.68519e-05
0 0 879 1.71959e-05 2.46894e-06 4.88013e-07 -2.68519e-05
0 0 880 1.71959e-05 2.46894e-06 4.88013e-07 -2.68519e-05
0 0 881 1.71959e-05 2.46894e-06 4.88013e-07 -2.68519e-05
0 0 882 1.71959e-05 2.46894e-06 4.88013e-07 -2.68519e-05
0 0 883 1.71959e-05 2.46894e-06 4.88013e-07 -2.68519e-05
0 0 884 1.71959e-05 2.46894e-06 4.88013e-07 -2.68519e-05
0 0 885 1.71959e-05 2.46894e-06 4.88013e-07 -2.68519e-05
0 0 886 1.71959e-05 2.46894e-06 4.88013e-07 -2.68519e-05
0 0 887 1.71959e-05 2.46894e-06 4.88013e-07 -2.68519e-05
0 0 888 1.71959e-05 2.46894e-06 4.88013e-07 -2.68519e-05
0 0 889 1.71959e-05 2.46894e-06 4.88013e-07 -2.68519e-05
0 0 890 1.71959e-05 2.46894e-06 4.88013e-07 -2.68519e-05
0 0 891 1.71959e-05 2.46894e-06 4.88013e-07 -2.68519e-05
0 0 892 1.71959e-05 2.46894e-06 4.88013e-07 -2.68519e-05
0 0 893 1.71959e-05 2.46894e-06 4.88013e-07 -2.68519e-05
0 0 894 1.71959e-05 2.46894e-06 4.88013e-07 -2.68519e-05
0 0 895 1.71959e-05 2.46894e-06 4.88013e-07 -2.68519e-05
0 0 896 1.71959e-05 2.46894e-06 4.88013e-07 -2.68519e-05
0 0 897 1.71959e-05 2.46894e-06 4.88013e-07 -2.68519e-05
0 0 898 1.71959e-05 2.46894e-06 4.88013e-07 -2.68519e-05
0 0 899 1.71959e-05 2.46894e-06 4.88013e-07 -2.68519e-05
0 0 900 1.71959e-05 2.46894e-06 4.88013e-07 -2.68519e-05
0 0 901 1.71959e-05 2.46894e-06 4.88013e-07 -2.68519e-05
0 0 902 1.71959e-05 2.46894e-06 4.88013e-07 -2.68519e-05
0 0 903 1.71959e-05 2.46894e-06 4.88013e-07 -2.68519e-05
0 0 904 1.71959e-05 2.46894e-06 4.88013e-07 -2.68519e-05
0 0 905 1.71959e-05 2.46894e-06 4.88013e-07 -2.68519e-05
0 0 906 1.71959e-05 2.46894e-06 4.88013e-07 -2.68519e-05
0 0 907 1.71959e-05 2.46894e-06 4.88013e-07 -2.68519e-05
0 0 908 1.71959e-05 2.46894e-06 4.88013e-07 -2.68519e-05
0 0 909 1.71959e-05 2.46894e-06 4.88013e-07 -2.68519e-05
0 0 910 1.71959e-05 2.46894e-06 4.88013e-07 -2.68519e-05
0 0 911 1.71959e-05 2.46894e-06 4.88013e-07 -2.68519e-05
0 0 912 1.71959e-05 2.46894e-06 4.88013e-07 -2.68519e-05
0 0 913 1.71959e-05 2.46894e-06 4.88013e-07 -2.68519e-05
0 0 914 1.71959e-05 2.46894e-06 4.88013e-07 -2.68519e-05
0 0 915 1.71959e-05 2.46894e-06 4.88013e-07 -2.68519e-05
0 0 916 1.71959e-05 2.46894e-06 4.88013e-07 -2.68519e-05
0 0 917 1.71959e-05 2.46894e-06 4.88013e-07 -2.68519e-05
0 0 918 1.71959e-05 2.46894e-06 4.88013e-07 -2.68519e-05
0 0 919 1.71959e-05 2.46894e-06 4.88013e-07 -2.68519e-05
0 0 920 1.71959e-05 2.46894e-06 4.88013e-07 -2.68519e-05
0 0 921 1.71959e-05 2.46894e-06 4.88013e-07 -2.68519e-05
0 0 922 1.71959e-05 2.46894e-06 4.88013e-07 -2.68519e-05
0 0 923 1.71959e-05 2.46894e-06 4.88013e-07 -2.68519e-05
0 0 924 1.71959e-05 2.46894e-06 4.88013e-07 -2.68519e-05
0 0 925 1.71959e-05 2.46894e-06 4.88013e-07 -2.68519e-05
0 0 926 1.71959e-05 2.46894e-06 4.88013e-07 -2.68519e-05
0 0 927 1.71959e-05 2.46894e-06 4.88013e-07 -2.68519e-05
0 0 928 1.71959e-05 2.46894e-06 4.88013e-07 -2.68519e-05
0 0 929 1.71959e-05 2.46894e-06 4.88013e-07 -2.68519e-05
0 0 930 1.71959e-05 2.46894e-06 4.88013e-07 -2.68519e-05
0 0 931 1.71959e-05 2.46894e-06 4.88013e-07 -2.68519e-05
0 0 932 1.71959e-05 2.46894e-06 4.88013e-07 -2.68519e-05
0 0 933 1.71959e-05 2.46894e-06 4.88013e-07 -2.68519e-05
0 0 934 1.71959e-05 2.46894e-06 4.88013e-07 -2.68519e-05
0 0 935 1.71959e-05 2.46894e-06 4.88013e-07 -2.68519e-05
0 0 936 1.71959e-05 2.46894e-06 4.88013e-07 -2.68519e-05
0 0 937 1.71959e-05 2.46894e-06 4.88013e-07 -2.68519e-05
0 0 938 1.71959e-05 2.46894e-06 4.88013e-07 -2.68519e-05
0 0 939 1.71959e-05 2.46894e-06 4.88013e-07 -2.68519e-05
0 0 940 1.71959e-05 2.46894e-06 4.88013e-07 -2.68519e-05
0 0 941 1.71959e-05 2.46894e-06 4.88013e-07 -2.68519e-05
0 0 942 1.71959e-05 2.46894e-06 4.88013e-07 -2.68519e-05
0 0 943 1.71959e-05 2.46894e-06 4.88013e-07 -2.68519e-05
0 0 944 1.71959e-05 2.46894e-06 4.88013e-07 -2.68519e-05
0 0 945 1.71959e-05 2.46894e-06 4.88013e-07 -2.68519e-05
0 0 946 1.71959e-05 2.46894e-06 4.88013e-07 -2.68519e-05
0 0 947 1.71959e-05 2.46894e-06 4.88013e-07 -2.68519e-05
0 0 948 1.71959e-05 2.46894e-06 4.88013e-07 -2.68519e-05
0 0 949 1.71959e-05 2.46894e-06 4.88013e-07 -2.68519e-05
0 0 950 1.71959e-05 2.46894e-06 4.88013e-07 -2.68519e-05
0 0 951 1.71959e-05 2.46894e-06 4.88013e-07 -2.68519e-05
0 0 952 1.71959e-05 2.46894e-06 4.88013e-07 -2.68519e-05
0 0 953 1.71959e-05 2.46894e-06 4.88013e-07 -2.68519e-05
0 0 954 1.71959e-05 2.46894e-06 4.88013e-07 -2.68519e-05
0 0 955 1.71959e-05 2.46894e-06 4.88013e-07 -2.68519e-05
0 0 956 1.71959e-05 2.46894e-06 4.88013e-07 -2.68519e-05
0 0 957 1.71959e-05 2.46894e-06 4.88013e-07 -2.68519e-05
0 0 958 1.71959e-05 2.46894e-06 4.88013e-07 -2.68519e-05
0 0 959 1.71959e-05 2.46894e-06 4.88013e-07 -2.68519e-05
0 0 960 1.71959e-05 2.46894e-06 4.88013e-07 -2.68519e-05
0 0 961 1.71959e-05 2.46894e-06 4.88013e-07 -2.68519e-05
0 0 962 1.71959e-05 2.46894e-06 4.88013e-07 -2.68519e-05
0 0 963 1.71959e-05 2.46894e-06 4.88013e-07 -2.68519e-05
0 0 964 1.71959e-05 2.46894e-06 4.88013e-07 -2.68519e-05
0 0 965 1.71959e-05 2.46894e-06 4.88013e-07 -2.68519e-05
0 0 966 1.71959e-05 2.46894e-06 4.88013e-07 -2.68519e-05
0 0 967 1.71959e-05 2.46894e-06 4.88013e-07 -2.68519e-05
0 0 968 1.71959e-05 2.46894e-06 4.88013e-07 -2.68519e-05
0 0 969 1.71959e-05 2.46894e-06 4.88013e-07 -2.68519e-05
0 0 970 1.71959e-05 2.46894e-06 4.88013e-07 -2.68519e-05
0 0 971 1.71959e-05 2.46894e-06 4.88013e-07 -2.68519e-05
0 0 972 1.71959e-05 2.46894e-06 4.88013e-07 -2.68519e-05
0 0 973 1.71959e-05 2.46894e-06 4.88013e-07 -2.68519e-05
0 0 974 1.71959e-05 2.46894e-06 4.88013e-07 -2.68519e-05
0 0 975 1.71959e-05 2.46894e-06 4.88013e-07 -2.68519e-05
0 0 976 1.71959e-05 2.46894e-06 4.88013e-07 -2.68519e-05
0 0 977 1.71959e-05 2.46894e-06 4.88013e-07 -2.68519e-05
0 0 978 1.71959e-05 2.46894e-06 4.88013e-07 -2.68519e-05
0 0 979 1.71959e-05 2.46894e-06 4.88013e-07 -2.68519e-05
0 0 980 1.71959e-05 2.46894e-06 4.88013e-07 -2.68519e-05
0 0 981 1.71959e-05 2.46894e-06 4.88013e-07 -2.68519e-05
0 0 982 1.71959e-05 2.46894e-06 4.88013e-07 -2.68519e-05
0 0 983 1.71959e-05 2.46894e-06 4.88013e-07 -2.68519e-05
0 0 984 1.71959e-05 2.46894e-06 4.88013e-07 -2.68519e-05
0 0 985 1.71959e-05 2.46894e-06 4.88013e-07 -2.68519e-05
0 0 986 1.71959e-05 2.46894e-06 4.88013e-07 -2.68519e-05
0 0 987 1.71959e-05 2.46894e-06 4.88013e-07 -2.68519e-05
0 0 988 1.71959e-05 2.46894e-06 4.88013e-07 -2.68519e-05
0 0 989 1.71959e-05 2.46894e-06 4.88013e-07 -2.68519e-05
0 0 990 1.71959e-05 2.46894e-06 4.88013e-07 -2.68519e-05
0 0 991 1.71959e-05 2.46894e-06 4.88013e-07 -2.68519e-05
0 0 992 1.71959e-05 2.46894e-06 4.88013e-07 -2.68519e-05
0 0 993 1.71959e-05 2.46894e-06 4.88013e-07 -2.68519e-05
0 0 994 1.71959e-05 2.46894e-06 4.88013e-07 -2.68519e-05
0 0 995 1.71959e-05 2.46894e-06 4.88013e-07 -2.68519e-05
0 0 996 1.71959e-05 2.46894e-06 4.88013e-07 -2.68519e-05
0 0 997 1.71959e-05 2.46894e-06 4.88013e-07 -2.68519e-05
0 0 998 1.71959e-05 2.46894e-06 4.88013e-07 -2.68519e-05
0 0 999 1.71959e-05 2.46894e-06 4.88013e-07 -2.68519e-05
0 0 1000 1.71959e-05 2.46894e-06 4.88013e-07 -2.68519e-05
0 0 1001 1.71959e-05 2.46894e-06 4.88013e-07 -2.68519e-05
0 0 1002 1.71959e-05 2.46894e-06 4.88013e-07 -2.68519e-05
0 0 1003 1.71959e-05 2.46894e-06 4.88013e-07 -2.68519e-05
0 0 1004 1.71959e-05 2.46894e-06 4.88013e-07 -2.68519e-05
0 0 1005 1.71959e-05 2.46894e-06 4.88013e-07 -2.68519e-05
0 0 1006 1.71959e-05 2.46894e-06 4.88013e-07 -2.68519e-05
0 0 1007 1.71959e-05 2.46894e-06 4.88013e-07 -2.68519e-05
0 0 1008 1.71959e-05 2.46894e-06 4.88013e-07 -2.68519e-05
0 0 1009 1.71959e-05 2.46894e-06 4.88013e-07 -2.68519e-05
0 0 1010 1.71959e-05 2.46894e-06 4.88013e-07 -2.68519e-05
0 0 1011 1.71959e-05 2.46894e-06 4.88013e-07 -2.68519e-05
0 0 1012 1.71959e-05 2.46894e-06 4.88013e-07 -2.68519e-05
0 0 1013 1.71959e-05 2.46894e-06 4.88013e-07 -2.68519e-05
0 0 1014 1.71959e-05 2.46894e-06 4.88013e-07 -2.68519e-05
0 0 1015 1.71959e-05 2.46894e-06 4.88013e-07 -2.68519e-05
0 0 1016 1.71959e-05 2.46894e-06 4.88013e-07 -2.68519e-05
0 0 1017 1.71959e-05 2.46894e-06 4.88013e-07 -2.68519e-05
0 0 1018 1.71959e-05 2.46894e-06 4.88013e-07 -2.68519e-05
0 0 1019 1.71959e-05 2.46894e-06 4.88013e-07 -2.68519e-05
0 0 1020 1.71959e-05 2.46894e-06 4.88013e-07 -2.68519e-05
0 0 1021 1.71959e-05 2.46894e-06 4.88013e-07 -2.68519e-05
0 0 1022 1.71959e-05 2.46894e-06 4.88013e-07 -2.68519e-05
0 0 1023 1.71959e-05 2.46894e-06 4.88013e-07 -2.68519e-05
0 0 1024 1.71959e-05 2.46894e-06 4.88013e-07 -2.68519e-05
0 0 1025 1.71959e-05 2.46894e-06 4.88013e-07 -2.68519e-05
0 0 1026 1.71959e-05 2.46894e-06 4.88013e-07 -2.68519e-05
0 0 1027 1.71959e-05 2.46894e-06 4.88013e-07 -2.68519e-05
0 0 1028 1.71959e-05 2.46894e-06 4.88013e-07 -2.68519e-05
0 0 1029 1.71959e-05 2.46894e-06 4.88013e-07 -2.68519e-05
0 0 1030 1.71959e-05 2.46894e-06 4.88013e-07 -2.68519e-05
0 0 1031 1.71959e-05 2.46894e-06 4.88013e-07 -2.68519e-05
0 0 1032 1.71959e-05 2.46894e-06 4.88013e-07 -2.68519e-05
0 0 1033 1.71959e-05 2.46894e-06 4.88013e-07 -2.68519e-05
0 0 1034 1.71959e-05 2.46894e-06 4.88013e-07 -2.68519e-05
0 0 1035 1.71959e-05 2.46894e-06 4.88013e-07 -2.68519e-05
0 0 1036 1.71959e-05 2.46894e-06 4.88013e-07 -2.68519e-05
0 0 1037 1.71959e-05 2.46894e-06 4.88013e-07 -2.68519e-05
0 0 1038 1.71959e-05 2.46894e-06 4.88013e-07 -2.68519e-05
0 0 1039 1.71959e-05 2.46894e-06 4.88013e-07 -2.68519e-05
0 0 1040 1.71959e-05 2.46894e-06 4.88013e-07 -2.68519e-05
0 0 1041 1.71959e-05 2.46894e-06 4.88013e-07 -2.68519e-05
0 0 1042 1.71959e-05 2.46894e-06 4.88013e-07 -2.68519e-05
0 0 1043 1.71959e-05 2.46894e-06 4.88013e-07 -2.68519e-05
0 0 1044 1.71959e-05 2.46894e-06 4.88013e-07 -2.68519e-05
0 0 1045 1.71959e-05 2.46894e-06 4.88013e-07 -2.68519e-05
0 0 1046 1.71959e-05 2.46894e-06 4.88013e-07 -2.68519e-05
0 0 1047 1.71959e-05 2.46894e-06 4.88013e-07 -2.68519e-05
0 0 1048 1.71959e-05 2.46894e-06 4.88013e-07 -2.68519e-05
0 0 1049 1.71959e-05 2.46894e-06 4.88013e-07 -2.68519e-05
0 0 1050 1.71959e-05 2.46894e-06 4.88013e-07 -2.68519e-05
0 0 1051 1.71959e-05 2.46894e-06 4.88013e-07 -2.68519e-05
0 0 1052 1.71959e-05 2.46894e-06 4.88013e-07 -2.68519e-05
0 0 1053 1.71959e-05 2.46894e-06 4.88013e-07 -2.68519e-05
0 0 1054 1.71959e-05 2.46894e-06 4.88013e-07 -2.68519e-05
0 0 1055 1.71959e-05 2.46894e-06 4.88013e-07 -2.68519e-05
0 0 1056 1.71959e-05 2.46894e-06 4.88013e-07 -2.68519e-05
0 0 1057 1.71959e-05 2.46894e-06 4.88013e-07 -2.68519e-05
0 0 1058 1.71959e-05 2.46894e-06 4.88013e-07 -2.68519e-05
0 0 1059 1.71959e-05 2.46894e-06 4.88013e-07 -2.68519e-05
0 0 1060 1.71959e-05 2.46894e-06 4.88013e-07 -2.68519e-05
0 0 1061 1.71959e-05 2.46894e-06 4.88013e-07 -2.68519e-05
0 0 1062 1.71959e-05 2.46894e-06 4.88013e-07 -2.68519e-05
0 0 1063 1.71959e-05 2.46894e-06 4.88013e-07 -2.68519e-05
0 0 1064 1.71959e-05 2.46894e-06 4.88013e-07 -2.68519e-05
0 0 1065 1.71959e-05 2.46894e-06 4.88013e-07 -2.68519e-05
0 0 1066 1.71959e-05 2.46894e-06 4.88013e-07 -2.68519e-05
0 0 1067 1.71959e-05 2.46894e-06 4.88013e-07 -2.68519e-05
0 0 1068 1.71959e-05 2.46894e-06 4.88013e-07 -2.68519e-05
0 0 1069 1.71959e-05 2.46894e-06 4.88013e-07 -2.68519e-05
0 0 1070 1.71959e-05 2.46894e-06 4.88013e-07 -2.68519e-05
0 0 1071 1.71959e-05 2.46894e-06 4.88013e-07 -2.68519e-05
0 0 1072 1.71959e-05 2.46894e-06 4.88013e-07 -2.68519e-05
0 0 1073 1.71959e-05 2.46894e-06 4.88013e-07 -2.68519e-05
0 0 1074 1.71959e-05 2.46894e-06 4.88013e-07 -2.68519e-05
0 0 1075 1.71959e-05 2.46894e-06 4.88013e-07 -2.68519e-05
0 0 1076 1.71959e-05 2.46894e-06 4.88013e-07 -2.68519e-05
0 0 1077 1.71959e-05 2.46894e-06 4.88013e-07 -2.68519e-05
0 0 1078 1.71959e-05 2.46894e-06 4.88013e-07 -2.68519e-05
0 0 1079 1.71959e-05 2.46894e-06 4.88013e-07 -2.68519e-05
0 0 1080 1.71959e-05 2.46894e-06 4.88013e-07 -2.68519e-05
0 0 1081 1.71959e-05 2.46894e-06 4.88013e-07 -2.68519e-05
0 0 1082 1.71959e-05 2.46894e-06 4.88013e-07 -2.68519e-05
0 0 1083 1.71959e-05 2.46894e-06 4.88013e-07 -2.68519e-05
0 0 1084 1.71959e-05 2.46894e-06 4.88013e-07 -2.68519e-05
0 0 1085 1.71959e-05 2.46894e-06 4.88013e-07 -2.68519e-05
0 0 1086 1.71959e-05 2.46894e-06 4.88013e-07 -2.68519e-05
0 0 1087 1.71959e-05 2.46894e-06 4.88013e-07 -2.68519e-05
0 0 1088 1.71959e-05 2.46894e-06 4.88013e-07 -2.68519e-05
0 0 1089 1.71959e-05 2.46894e-06 4.88013e-07 -2.68519e-05
0 0 1090 1.71959e-05 2.46894e-06 4.88013e-07 -2.68519e-05
0 0 1091 1.71959e-05 2.46894e-06 4.88013e-07 -2.68519e-05
0 0 1092 1.71959e-05 2.46894e-06 4.88013e-07 -2.68519e-05
0 0 1093 1.71959e-05 2.46894e-06 4.88013e-07 -2.68519e-05
0 0 1094 1.71959e-05 2.46894e-06 4.88013e-07 -2.68519e-05
0 0 1095 1.71959e-05 2.46894e-06 4.88013e-07 -2.68519e-05
0 0 1096 1.71959e-05 2.46894e-06 4.88013e-07 -2.68519e-05
0 0 1097 1.71959e-05 2.46894e-06 4.88013e-07 -2.68519e-05
0 0 1098 1.71959e-05 2.46894e-06 4.88013e-07 -2.68519e-05
0 0 1099 1.71959e-05 2.46894e-06 4.88013e-07 -2.68519e-05
0 0 1100 1.71959e-05 2.46894e-06 4.88013e-07 -2.68519e-05
0 0 1101 1.71959e-05 2.46894e-06 4.88013e-07 -2.68519e-05
0 0 1102 1.71959e-05 2.46894e-06 4.88013e-07 -2.68519e-05
0 0 1103 1.71959e-05 2.46894e-06 4.88013e-07 -2.68519e-05
0 0 1104 1.71959e-05 2.46894e-06 4.88013e-07 -2.68519e-05
0 0 1105 1.71959e-05 2.46894e-06 4.88013e-07 -2.68519e-05
0 0 1106 1.71959e-05 2.46894e-06 4.88013e-07 -2.68519e-05
0 0 1107 1.71959e-05 2.46894e-06 4.88013e-07 -2.68519e-05
0 0 1108 1.71959e-05 2.46894e-06 4.88013e-07 -2.68519e-05
0 0 1109 1.71959e-05 2.46894e-06 4.88013e-07 -2.68519e-05
0 0 1110 1.71959e-05 2.46894e-06 4.88013e-07 -2.68519e-05
0 0 1111 1.71959e-05 2.46894e-06 4.88013e-07 -2.68519e-05
0 0 1112 1.71959e-05 2.46894e-06 4.88013e-07 -2.68519e-05
0 0 1113 1.71959e-05 2.46894e-06 4.88013e-07 -2.68519e-05
0 0 1114 1.71959e-05 2.46894e-06 4.88013e-07 -2.68519e-05
0 0 1115 1.71959e-05 2.46894e-06 4.88013e-07 -2.68519e-05
0 0 1116 1.71959e-05 2.46894e-06 4.88013e-07 -2.68519e-05
0 0 1117 1.71959e-05 2.46894e-06 4.88013e-07 -2.68519e-05
0 0 1118 1.71959e-05 2.46894e-06 4.88013e-07 -2.68519e-05
0 0 1119 1.71959e-05 2.46894e-06 4.88013e-07 -2.68519e-05
0 0 1120 1.71959e-05 2.46894e-06 4.88013e-07 -2.68519e-05
0 0 1121 1.71959e-05 2.46894e-06 4.88013e-07 -2.68519e-05
0 0 1122 1.71959e-05 2.46894e-06 4.88013e-07 -2.68519e-05
0 0 1123 1.71959e-05 2.46894e-06 4.88013e-07 -2.68519e-05
0 0 1124 1.71959e-05 2.46894e-06 4.88013e-07 -2.68519e-05
0 0 1125 1.71959e-05 2.46894e-06 4.88013e-07 -2.68519e-05
0 0 1126 1.71959e-05 2.46894e-06 4.88013e-07 -2.68519e-05
0 0 1127 1.71959e-05 2.46894e-06 4.88013e-07 -2.68519e-05
0 0 1128 1.71959e-05 2.46894e-06 4.88013e-07 -2.68519e-05
0 0 1129 1.71959e-05 2.46894e-06 4.88013e-07 -2.68519e-05
0 0 1130 1.71959e-05 2.46894e-06 4.88013e-07 -2.68519e-05
0 0 1131 1.71959e-05 2.46894e-06 4.88013e-07 -2.68519e-05
0 0 1132 1.71959e-05 2.46894e-06 4.88013e-07 -2.68519e-05
0 0 1133 1.71959e-05 2.46894e-06 4.88013e-07 -2.68519e-05
0 0 1134 1.71959e-05 2.46894e-06 4.88013e-07 -2.68519e-05
0 0 1135 1.71959e-05 2.46894e-06 4.88013e-07 -2.68519e-05
0 0 1136 1.71959e-05 2.46894e-06 4.88013e-07 -2.68519e-05
0 0 1137 1.71959e-05 2.46894e-06 4.88013e-07 -2.68519e-05
0 0 1138 1.71959e-05 2.46894e-06 4.88013e-07 -2.68519e-05
0 0 1139 1.71959e-05 2.46894e-06 4.88013e-07 -2.68519e-05
0 0 1140 1.71959e-05 2.46894e-06 4.88013e-07 -2.68519e-05
0 0 1141 1.71959e-05 2.46894e-06 4.88013e-07 -2.68519e-05
0 0 1142 1.71959e-05 2.46894e-06 4.88013e-07 -2.68519e-05
0 0 1143 1.71959e-05 2.46894e-06 4.88013e-07 -2.68519e-05
0 0 1144 1.71959e-05 2.46894e-06 4.88013e-07 -2.68519e-05
0 0 1145 1.71959e-05 2.46894e-06 4.88013e-07 -2.68519e-05
0 0 1146 1.71959e-05 2.46894e-06 4.88013e-07 -2.68519e-05
0 0 1147 1.71959e-05 2.46894e-06 4.88013e-07 -2.68519e-05
0 0 1148 1.71959e-05 2.46894e-06 4.88013e-07 -2.68519e-05
0 0 1149 1.71959e-05 2.46894e-06 4.88013e-07 -2.68519e-05
0 0 1150 1.71959e-05 2.46894e-06 4.88013e-07 -2.68519e-05
0 0 1151 1.71959e-05 2.46894e-06 4.88013e-07 -2.68519e-05
0 0 1152 1.71959e-05 2.46894e-06 4.88013e-07 -2.68519e-05
0 0 1153 1.71959e-05 2.46894e-06 4.88013e-07 -2.68519e-05
0 0 1154 1.71959e-05 2.46894e-06 4.88013e-07 -2.68519e-05
0 0 1155 1.71959e-05 2.46894e-06 4.88013e-07 -2.68519e-05
0 0 1156 1.71959e-05 2.46894e-06 4.88013e-07 -2.68519e-05
0 0 1157 1.71959e-05 2.46894e-06 4.88013e-07 -2.68519e-05
0 0 1158 1.71959e-05 2.46894e-06 4.88013e-07 -2.68519e-05
0 0 1159 1.71959e-05 2.46894e-06 4.88013e-07 -2.68519e-05
0 0 1160 1.71959e-05 2.46894e-06 4.88013e-07 -2.68519e-05
0 0 1161 1.71959e-05 2.46894e-06 4.88013e-07 -2.68519e-05
0 0 1162 1.71959e-05 2.46894e-06 4.88013e-07 -2.68519e-05
0 0 1163 1.71959e-05 2.46894e-06 4.88013e-07 -2.68519e-05
0 0 1164 1.71959e-05 2.46894e-06 4.88013e-07 -2.68519e-05
0 0 1165 1.71959e-05 2.46894e-06 4.88013e-07 -2.68519e-05
0 0 1166 1.71959e-05 2.46894e-06 4.88013e-07 -2.68519e-05
0 0 1167 1.71959e-05 2.46894e-06 4.88013e-07 -2.68519e-05
0 0 1168 1.71959e-05 2.46894e-06 4.88013e-07 -2.68519e-05
0 0 1169 1.71959e-05 2.46894e-06 4.88013e-07 -2.68519e-05
0 0 1170 1.71959e-05 2.46894e-06 4.88013e-07 -2.68519e-05
0 0 1171 1.71959e-05 2.46894e-06 4.88013e-07 -2.68519e-05
0 0 1172 1.71959e-05 2.46894e-06 4.88013e-07 -2.68519e-05
0 0 1173 1.71959e-05 2.46894e-06 4.88013e-07 -2.68519e-05
0 0 1174 1.71959e-05 2.46894e-06 4.88013e-07 -2.68519e-05
0 0 1175 1.71959e-05 2.46894e-06 4.88013e-07 -2.68519e-05
0 0 1176 1.71959e-05 2.46894e-06 4.88013e-07 -2.68519e-05
0 0 1177 1.71959e-05 2.46894e-06 4.88013e-07 -2.68519e-05
0 0 1178 1.71959e-05 2.46894e-06 4.88013e-07 -2.68519e-05
0 0 1179 1.71959e-05 2.46894e-06 4.88013e-07 -2.68519e-05
0 0 1180 1.71959e-05 2.46894e-06 4.88013e-07 -2.68519e-05
0 0 1181 1.71959e-05 2.46894e-06 4.88013e-07 -2.68519e-05
0 0 1182 1.71959e-05 2.46894e-06 4.88013e-07 -2.68519e-05
0 0 1183 1.71959e-05 2.46894e-06 4.88013e-07 -2.68519e-05
0 0 1184 1.71959e-05 2.46894e-06 4.88013e-07 -2.68519e-05
0 0 1185 1.71959e-05 2.46894e-06 4.88013e-07 -2.68519e-05
0 0 1186 1.71959e-05 2.46894e-06 4.88013e-07 -2.68519e-05
0 0 1187 1.71959e-05 2.46894e-06 4.88013e-07 -2.68519e-05
0 0 1188 1.71959e-05 2.46894e-06 4.88013e-07 -2.68519e-05
0 0 1189 1.71959e-05 2.46894e-06 4.88013e-07 -2.68519e-05
0 0 1190 1.71959e-05 2.46894e-06 4.88013e-07 -2.68519e-05
0 0 1191 1.71959e-05 2.46894e-06 4.88013e-07 -2.68519e-05
0 0 1192 1.71959e-05 2.46894e-06 4.88013e-07 -2.68519e-05
0 0 1193 1.71959e-05 2.46894e-06 4.88013e-07 -2.68519e-05
0 0 1194 1.71959e-05 2.46894e-06 4.88013e-07 -2.68519e-05
0 0 1195 1.71959e-05 2.46894e-06 4.88013e-07 -2.68519e-05
0 0 1196 1.71959e-05 2.46894e-06 4.88013e-07 -2.68519e-05
0 0 1197 1.71959e-05 2.46894e-06 4.88013e-07 -2.68519e-05
0 0 1198 1.71959e-05 2.46894e-06 4.88013e-07 -2.68519e-05
0 0 1199 1.71959e-05 2.46894e-06 4.88013e-07 -2.68519e-05
0 0 1200 1.71959e-05 2.46894e-06 4.88013e-07 -2.68519e-05
0 0 1201 1.71959e-05 2.46894e-06 4.88013e-07 -2.68519e-05
0 0 1202 1.71959e-05 2.46894e-06 4.88013e-07 -2.68519e-05
0 0 1203 1.71959e-05 2.46894e-06 4.88013e-07 -2.68519e-05
0 0 1204 1.71959e-05 2.46894e-06 4.88013e-07 -2.68519e-05
0 0 1205 1.71959e-05 2.46894e-06 4.88013e-07 -2.68519e-05
0 0 1206 1.71959e-05 2.46894e-06 4.88013e-07 -2.68519e-05
0 0 1207 1.71959e-05 2.46894e-06 4.88013e-07 -2.68519e-05
0 0 1208 1.71959e-05 2.46894e-06 4.88013e-07 -2.68519e-05
0 0 1209 1.71959e-05 2.46894e-06 4.88013e-07 -2.68519e-05
0 0 1210 1.71959e-05 2.46894e-06 4.88013e-07 -2.68519e-05
0 0 1211 1.71959e-05 2.46894e-06 4.88013e-07 -2.68519e-05
0 0 1212 1.71959e-05 2.46894e-06 4.88013e-07 -2.68519e-05
0 0 1213 1.71959e-05 2.46894e-06 4.88013e-07 -2.68519e-05
0 0 1214 1.71959e-05 2.46894e-06 4.88013e-07 -2.68519e-05
0 0 1215 1.71959e-05 2.46894e-06 4.88013e-07 -2.68519e-05
0 0 1216 1.71959e-05 2.46894e-06 4.88013e-07 -2.68519e-05
0 0 1217 1.71959e-05 2.46894e-06 4.88013e-07 -2.68519e-05
0 0 1218 1.71959e-05 2.46894e-06 4.88013e-07 -2.68519e-05
0 0 1219 1.71959e-05 2.46894e-06 4.88013e-07 -2.68519e-05
0 0 1220 1.71959e-05 2.46894e-06 4.88013e-07 -2.68519e-05
0 0 1221 1.71959e-05 2.46894e-06 4.88013e-07 -2.68519e-05
0 0 1222 1.71959e-05 2.46894e-06 4.88013e-07 -2.68519e-05
0 0 1223 1.71959e-05 2.46894e-06 4.88013e-07 -2.68519e-05
0 0 1224 1.71959e-05 2.46894e-06 4.88013e-07 -2.68519e-05
0 0 1225 1.71959e-05 2.46894e-06 4.88013e-07 -2.68519e-05
0 0 1226 1.71959e-05 2.46894e-06 4.88013e-07 -2.68519e-05
0 0 1227 1.71959e-05 2.46894e-06 4.88013e-07 -2.68519e-05
0 0 1228 1.71959e-05 2.46894e-06 4.88013e-07 -2.68519e-05
0 0 1229 1.71959e-05 2.46894e-06 4.88013e-07 -2.68519e-05
0 0 1230 1.71959e-05 2.46894e-06 4.88013e-07 -2.68519e-05
0 0 1231 1.71959e-05 2.46894e-06 4.88013e-07 -2.68519e-05
0 0 1232 1.71959e-05 2.46894e-06 4.88013e-07 -2.68519e-05
0 0 1233 1.71959e-05 2.46894e-06 4.88013e-07 -2.68519e-05
0 0 1234 1.71959e-05 2.46894e-06 4.88013e-07 -2.68519e-05
0 0 1235 1.71959e-05 2.46894e-06 4.88013e-07 -2.68519e-05
0 0 1236 1.71959e-05 2.46894e-06 4.88013e-07 -2.68519e-05
0 0 1237 1.71959e-05 2.46894e-06 4.88013e-07 -2.68519e-05
0 0 1238 1.71959e-05 2.46894e-06 4.88013e-07 -2.68519e-05
0 0 1239 1.71959e-05 2.46894e-06 4.88013e-07 -2.68519e-05
0 0 1240 1.71959e-05 2.46894e-06 4.88013e-07 -2.68519e-05
0 0 1241 1.71959e-05 2.46894e-06 4.88013e-07 -2.68519e-05
0 0 1242 1.71959e-05 2.46894e-06 4.88013e-07 -2.68519e-05
0 0 1243 1.71959e-05 2.46894e-06 4.88013e-07 -2.68519e-05
0 0 1244 1.71959e-05 2.46894e-06 4.88013e-07 -2.68519e-05
0 0 1245 1.71959e-05 2.46894e-06 4.88013e-07 -2.68519e-05
0 0 1246 1.71959e-05 2.46894e-06 4.88013e-07 -2.68519e-05
0 0 1247 1.71959e-05 2.46894e-06 4.88013e-07 -2.68519e-05
0 0 1248 1.71959e-05 2.46894e-06 4.88013e-07 -2.68519e-05
0 0 1249 1.71959e-05 2.46894e-06 4.88013e-07 -2.68519e-05
0 0 1250 1.71959e-05 2.46894e-06 4.88013e-07 -2.68519e-05
0 0 1251 1.71959e-05 2.46894e-06 4.88013e-07 -2.68519e-05
0 0 1252 1.71959e-05 2.46894e-06 4.88013e-07 -2.68519e-05
0 0 1253 1.71959e-05 2.46894e-06 4.88013e-07 -2.68519e-05
0 0 1254 1.71959e-05 2.46894e-06 4.88013e-07 -2.68519e-05
0 0 1255 1.71959e-05 2.46894e-06 4.88013e-07 -2.68519e-05
0 0 1256 1.71959e-05 2.46894e-06 4.88013e-07 -2.68519e-05
0 0 1257 1.71959e-05 2.46894e-06 4.88013e-07 -2.68519e-05
0 0 1258 1.71959e-05 2.46894e-06 4.88013e-07 -2.68519e-05
0 0 1259 1.71959e-05 2.46894e-06 4.88013e-07 -2.68519e-05
0 0 1260 1.71959e-05 2.46894e-06 4.88013e-07 -2.68519e-05
0 0 1261 1.71959e-05 2.46894e-06 4.88013e-07 -2.68519e-05
0 0 1262 1.71959e-05 2.46894e-06 4.88013e-07 -2.68519e-05
0 0 1263 1.71959e-05 2.46894e-06 4.88013e-07 -2.68519e-05
0 0 1264 1.71959e-05 2.46894e-06 4.88013e-07 -2.68519e-05
0 0 1265 1.71959e-05 2.46894e-06 4.88013e-07 -2.68519e-05
0 0 1266 1.71959e-05 2.46894e-06 4.88013e-07 -2.68519e-05
0 0 1267 1.71959e-05 2.46894e-06 4.88013e-07 -2.68519e-05
0 0 1268 1.71959e-05 2.46894e-06 4.88013e-07 -2.68519e-05
0 0 1269 1.71959e-05 2.46894e-06 4.88013e-07 -2.68519e-05
0 0 1270 1.71959e-05 2.46894e-06 4.88013e-07 -2.68519e-05
0 0 1271 1.71959e-05 2.46894e-06 4.88013e-07 -2.68519e-05
0 0 1272 1.71959e-05 2.46894e-06 4.88013e-07 -2.68519e-05
0 0 1273 1.71959e-05 2.46894e-06 4.88013e-07 -2.68519e-05
0 0 1274 1.71959e-05 2.46894e-06 4.88013e-07 -2.68519e-05
0 0 1275 1.71959e-05 2.46894e-06 4.88013e-07 -2.68519e-05
0 0 1276 1.71959e-05 2.46894e-06 4.88013e-07 -2.68519e-05
0 0 1277 1.71959e-05 2.46894e-06 4.88013e-07 -2.68519e-05
0 0 1278 1.71959e-05 2.46894e-06 4.88013e-07 -2.68519e-05
0 0 1279 1.71959e-05 2.46894e-06 4.88013e-07 -2.68519e-05
0 0 1280 1.71959e-05 2.46894e-06 4.88013e-07 -2.68519e-05
0 0 1281 1.71959e-05 2.46894e-06 4.88013e-07 -2.68519e-05
0 0 1282 1.71959e-05 2.46894e-06 4.88013e-07 -2.68519e-05
0 0 1283 1.71959e-05 2.46894e-06 4.88013e-07 -2.68519e-05
0 0 1284 1.71959e-05 2.46894e-06 4.88013e-07 -2.68519e-05
0 0 1285 1.71959e-05 2.46894e-06 4.88013e-07 -2.68519e-05
0 0 1286 1.71959e-05 2.46894e-06 4.88013e-07 -2.68519e-05
0 0 1287 1.71959e-05 2.46894e-06 4.88013e-07 -2.68519e-05
0 0 1288 1.71959e-05 2.46894e-06 4.88013e-07 -2.68519e-05
0 0 1289 1.71959e-05 2.46894e-06 4.88013e-07 -2.68519e-05
0 0 1290 1.71959e-05 2.46894e-06 4.88013e-07 -2.68519e-05
0 0 1291 1.71959e-05 2.46894e-06 4.88013e-07 -2.68519e-05
0 0 1292 1.71959e-05 2.46894e-06 4.88013e-07 -2.68519e-05
0 0 1293 1.71959e-05 2.46894e-06 4.88013e-07 -2.68519e-05
0 0 1294 1.71959e-05 2.46894e-06 4.88013e-07 -2.68519e-05
0 0 1295 1.71959e-05 2.46894e-06 4.88013e-07 -2.68519e-05
0 0 1296 1.71959e-05 2.46894e-06 4.88013e-07 -2.68519e-05
0 0 1297 1.71959e-05 2.46894e-06 4.88013e-07 -2.68519e-05
0 0 1298 1.71959e-05 2.46894e-06 4.88013e-07 -2.68519e-05
0 0 1299 1.71959e-05 2.46894e-06 4.88013e-07 -2.68519e-05
0 0 1300 1.71959e-05 2.46894e-06 4.88013e-07 -2.68519e-05
0 0 1301 1.71959e-05 2.46894e-06 4.88013e-07 -2.68519e-05
0 0 1302 1.71959e-05 2.46894e-06 4.88013e-07 -2.68519e-05
0 0 1303 1.71959e-05 2.46894e-06 4.88013e-07 -2.68519e-05
0 0 1304 1.71959e-05 2.46894e-06 4.88013e-07 -2.68519e-05
0 0 1305 1.71959e-05 2.46894e-06 4.88013e-07 -2.68519e-05
0 0 1306 1.71959e-05 2.46894e-06 4.88013e-07 -2.68519e-05
0 0 1307 1.71959e-05 2.46894e-06 4.88013e-07 -2.68519e-05
0 0 1308 1.71959e-05 2.46894e-06 4.88013e-07 -2.68519e-05
0 0 1309 1.71959e-05 2.46894e-06 4.88013e-07 -2.68519e-05
0 0 1310 1.71959e-05 2.46894e-06 4.88013e-07 -2.68519e-05
0 0 1311 1.71959e-05 2.46894e-06 4.88013e-07 -2.68519e-05
0 0 1312 1.71959e-05 2.46894e-06 4.88013e-07 -2.68519e-05
0 0 1313 1.71959e-05 2.46894e-06 4.88013e-07 -2.68519e-05
0 0 1314 1.71959e-05 2.46894e-06 4.88013e-07 -2.68519e-05
0 0 1315 1.71959e-05 2.46894e-06 4.88013e-07 -2.68519e-05
0 0 1316 1.71959e-05 2.46894e-06 4.88013e-07 -2.68519e-05
0 0 1317 1.71959e-05 2.46894e-06 4.88013e-07 -2.68519e-05
0 0 1318 1.71959e-05 2.46894e-06 4.88013e-07 -2.68519e-05
0 0 1319 1.71959e-05 2.46894e-06 4.88013e-07 -2.68519e-05
0 0 1320 1.71959e-05 2.46894e-06 4.88013e-07 -2.68519e-05
0 0 1321 1.71959e-05 2.46894e-06 4.88013e-07 -2.68519e-05
0 0 1322 1.71959e-05 2.46894e-06 4.88013e-07 -2.68519e-05
0 0 1323 1.71959e-05 2.46894e-06 4.88013e-07 -2.68519e-05
0 0 1324 1.71959e-05 2.46894e-06 4.88013e-07 -2.68519e-05
0 0 1325 1.71959e-05 2.46894e-06 4.88013e-07 -2.68519e-05
0 0 1326 1.71959e-05 2.46894e-06 4.88013e-07 -2.68519e-05
0 0 1327 1.71959e-05 2.46894e-06 4.88013e-07 -2.68519e-05
0 0 1328 1.71959e-05 2.46894e-06 4.88013e-07 -2.68519e-05
0 0 1329 1.71959e-05 2.46894e-06 4.88013e-07 -2.68519e-05
0 0 1330 1.71959e-05 2.46894e-06 4.88013e-07 -2.68519e-05
0 0 1331 1.71959e-05 2.46894e-06 4.88013e-07 -2.68519e-05
0 0 1332 1.71959e-05 2.46894e-06 4.88013e-07 -2.68519e-05
0 0 1333 1.71959e-05 2.46894e-06 4.88013e-07 -2.68519e-05
0 0 1334 1.71959e-05 2.46894e-06 4.88013e-07 -2.68519e-05
0 0 1335 1.71959e-05 2.46894e-06 4.88013e-07 -2.68519e-05
0 0 1336 1.71959e-05 2.46894e-06 4.88013e-07 -2.68519e-05
0 0 1337 1.71959e-05 2.46894e-06 4.88013e-07 -2.68519e-05
0 0 1338 1.71959e-05 2.46894e-06 4.88013e-07 -2.68519e-05
0 0 1339 1.71959e-05 2.46894e-06 4.88013e-07 -2.68519e-05
0 0 1340 1.71959e-05 2.46894e-06 4.88013e-07 -2.68519e-05
0 0 1341 1.71959e-05 2.46894e-06 4.88013e-07 -2.68519e-05
0 0 1342 1.71959e-05 2.46894e-06 4.88013e-07 -2.68519e-05
0 0 1343 1.71959e-05 2.46894e-06 4.88013e-07 -2.68519e-05
0 0 1344 1.71959e-05 2.46894e-06 4.88013e-07 -2.68519e-05
0 0 1345 1.71959e-05 2.46894e-06 4.88013e-07 -2.68519e-05
0 0 1346 1.71959e-05 2.46894e-06 4.88013e-07 -2.68519e-05
0 0 1347 1.71959e-05 2.46894e-06 4.88013e-07 -2.68519e-05
0 0 1348 1.71959e-05 2.46894e-06 4.88013e-07 -2.68519e-05
0 0 1349 1.71959e-05 2.46894e-06 4.88013e-07 -2.68519e-05
0 0 1350 1.71959e-05 2.46894e-06 4.88013e-07 -2.68519e-05
0 0 1351 1.71959e-05 2.46894e-06 4.88013e-07 -2.68519e-05
0 0 1352 1.71959e-05 2.46894e-06 4.88013e-07 -2.68519e-05
0 0 1353 1.71959e-05 2.46894e-06 4.88013e-07 -2.68519e-05
0 0 1354 1.71959e-05 2.46894e-06 4.88013e-07 -2.68519e-05
0 0 1355 1.71959e-05 2.46894e-06 4.88013e-07 -2.68519e-05
0 0 1356 1.71959e-05 2.46894e-06 4.88013e-07 -2.68519e-05
0 0 1357 1.71959e-05 2.46894e-06 4.88013e-07 -2.68519e-05
0 0 1358 1.71959e-05 2.46894e-06 4.88013e-07 -2.68519e-05
0 0 1359 1.71959e-05 2.46894e-06 4.88013e-07 -2.68519e-05
0 0 1360 1.71959e-05 2.46894e-06 4.88013e-07 -2.68519e-05
0 0 1361 1.71959e-05 2.46894e-06 4.88013e-07 -2.68519e-05
0 0 1362 1.71959e-05 2.46894e-06 4.88013e-07 -2.68519e-05
0 0 1363 1.71959e-05 2.46894e-06 4.88013e-07 -2.68519e-05
0 0 1364 1.71959e-05 2.46894e-06 4.88013e-07 -2.68519e-05
0 0 1365 1.71959e-05 2.46894e-06 4.88013e-07 -2.68519e-05
0 0 1366 1.71959e-05 2.46894e-06 4.88013e-07 -2.68519e-05
0 0 1367 1.71959e-05 2.46894e-06 4.88013e-07 -2.68519e-05
0 0 1368 1.71959e-05 2.46894e-06 4.88013e-07 -2.68519e-05
0 0 1369 1.71959e-05 2.46894e-06 4.88013e-07 -2.68519e-05
0 0 1370 1.71959e-05 2.46894e-06 4.88013e-07 -2.68519e-05
0 0 1371 1.71959e-05 2.46894e-06 4.88013e-07 -2.68519e-05
0 0 1372 1.71959e-05 2.46894e-06 4.88013e-07 -2.68519e-05
0 0 1373 1.71959e-05 2.46894e-06 4.88013e-07 -2.68519e-05
0 0 1374 1.71959e-05 2.46894e-06 4.88013e-07 -2.68519e-05
0 0 1375 1.71959e-05 2.46894e-06 4.88013e-07 -2.68519e-05
0 0 1376 1.71959e-05 2.46894e-06 4.88013e-07 -2.68519e-05
0 0 1377 1.71959e-05 2.46894e-06 4.88013e-07 -2.68519e-05
0 0 1378 1.71959e-05 2.46894e-06 4.88013e-07 -2.68519e-05
0 0 1379 1.71959e-05 2.46894e-06 4.88013e-07 -2.68519e-05
0 0 1380 1.71959e-05 2.46894e-06 4.88013e-07 -2.68519e-05
0 0 1381 1.71959e-05 2.46894e-06 4.88013e-07 -2.68519e-05
0 0 1382 1.71959e-05 2.46894e-06 4.88013e-07 -2.68519e-05
0 0 1383 1.71959e-05 2.46894e-06 4.88013e-07 -2.68519e-05
0 0 1384 1.71959e-05 2.46894e-06 4.88013e-07 -2.68519e-05
0 0 1385 1.71959e-05 2.46894e-06 4.88013e-07 -2.68519e-05
0 0 1386 1.71959e-05 2.46894e-06 4.88013e-07 -2.68519e-05
0 0 1387 1.71959e-05 2.46894e-06 4.88013e-07 -2.68519e-05
0 0 1388 1.71959e-05 2.46894e-06 4.88013e-07 -2.68519e-05
0 0 1389 1.71959e-05 2.46894e-06 4.88013e-07 -2.68519e-05
0 0 1390 1.71959e-05 2.46894e-06 4.88013e-07 -2.68519e-05
0 0 1391 1.71959e-05 2.46894e-06 4.88013e-07 -2.68519e-05
0 0 1392 1.71959e-05 2.46894e-06 4.88013e-07 -2.68519e-05
0 0 1393 1.71959e-05 2.46894e-06 4.88013e-07 -2.68519e-05
0 0 1394 1.71959e-05 2.46894e-06 4.88013e-07 -2.68519e-05
0 0 1395 1.71959e-05 2.46894e-06 4.88013e-07 -2.68519e-05
0 0 1396 1.71959e-05 2.46894e-06 4.88013e-07 -2.68519e-05
0 0 1397 1.71959e-05 2.46894e-06 4.88013e-07 -2.68519e-05
0 0 1398 1.71959e-05 2.46894e-06 4.88013e-07 -2.68519e-05
0 0 1399 1.71959e-05 2.46894e-06 4.88013e-07 -2.68519e-05
0 0 1400 1.71959e-05 2.46894e-06 4.88013e-07 -2.68519e-05
0 0 1401 1.71959e-05 2.46894e-06 4.88013e-07 -2.68519e-05
0 0 1402 1.71959e-05 2.46894e-06 4.88013e-07 -2.68519e-05
0 0 1403 1.71959e-05 2.46894e-06 4.88013e-07 -2.68519e-05
0 0 1404 1.71959e-05 2.46894e-06 4.88013e-07 -2.68519e-05
0 0 1405 1.71959e-05 2.46894e-06 4.88013e-07 -2.68519e-05
0 0 1406 1.71959e-05 2.46894e-06 4.88013e-07 -2.68519e-05
0 0 1407 1.71959e-05 2.46894e-06 4.88013e-07 -2.68519e-05
0 0 1408 1.71959e-05 2.46894e-06 4.88013e-07 -2.68519e-05
0 0 1409 1.71959e-05 2.46894e-06 4.88013e-07 -2.68519e-05
0 0 1410 1.71959e-05 2.46894e-06 4.88013e-07 -2.68519e-05
0 0 1411 1.71959e-05 2.46894e-06 4.88013e-07 -2.68519e-05
0 0 1412 1.71959e-05 2.46894e-06 4.88013e-07 -2.68519e-05
0 0 1413 1.71959e-05 2.46894e-06 4.88013e-07 -2.68519e-05
0 0 1414 1.71959e-05 2.46894e-06 4.88013e-07 -2.68519e-05
0 0 1415 1.71959e-05 2.46894e-06 4.88013e-07 -2.68519e-05
0 0 1416 1.71959e-05 2.46894e-06 4.88013e-07 -2.68519e-05
0 0 1417 1.71959e-05 2.46894e-06 4.88013e-07 -2.68519e-05
0 0 1418 1.71959e-05 2.46894e-06 4.88013e-07 -2.68519e-05
0 0 1419 1.71959e-05 2.46894e-06 4.88013e-07 -2.68519e-05
0 0 1420 1.71959e-05 2.46894e-06 4.88013e-07 -2.68519e-05
0 0 1421 1.71959e-05 2.46894e-06 4.88013e-07 -2.68519e-05
0 0 1422 1.71959e-05 2.46894e-06 4.88013e-07 -2.68519e-05
0 0 1423 1.71959e-05 2.46894e-06 4.88013e-07 -2.68519e-05
0 0 1424 1.71959e-05 2.46894e-06 4.88013e-07 -2.68519e-05
0 0 1425 1.71959e-05 2.46894e-06 4.88013e-07 -2.68519e-05
0 0 1426 1.71959e-05 2.46894e-06 4.88013e-07 -2.68519e-05
0 0 1427 1.71959e-05 2.46894e-06 4.88013e-07 -2.68519e-05
0 0 1428 1.71959e-05 2.46894e-06 4.88013e-07 -2.68519e-05
0 0 1429 1.71959e-05 2.46894e-06 4.88013e-07 -2.68519e-05
0 0 1430 1.71959e-05 2.46894e-06 4.88013e-07 -2.68519e-05
0 0 1431 1.71959e-05 2.46894e-06 4.88013e-07 -2.68519e-05
0 0 1432 1.71959e-05 2.46894e-06 4.88013e-07 -2.68519e-05
0 0 1433 1.71959e-05 2.46894e-06 4.88013e-07 -2.68519e-05
0 0 1434 1.71959e-05 2.46894e-06 4.88013e-07 -2.68519e-05
0 0 1435 1.71959e-05 2.46894e-06 4.88013e-07 -2.68519e-05
0 0 1436 1.71959e-05 2.46894e-06 4.88013e-07 -2.68519e-05
0 0 1437 1.71959e-05 2.46894e-06 4.88013e-07 -2.68519e-05
0 0 1438 1.71959e-05 2.46894e-06 4.88013e-07 -2.68519e-05
0 0 1439 1.71959e-05 2.46894e-06 4.88013e-07 -2.68519e-05
0 0 1440 1.71959e-05 2.46894e-06 4.88013e-07 -2.68519e-05
0 0 1441 1.71959e-05 2.46894e-06 4.88013e-07 -2.68519e-05
0 0 1442 1.71959e-05 2.46894e-06 4.88013e-07 -2.68519e-05
0 0 1443 1.71959e-05 2.46894e-06 4.88013e-07 -2.68519e-05
0 0 1444 1.71959e-05 2.46894e-06 4.88013e-07 -2.68519e-05
0 0 1445 1.71959e-05 2.46894e-06 4.88013e-07 -2.68519e-05
0 0 1446 1.71959e-05 2.46894e-06 4.88013e-07 -2.68519e-05
0 0 1447 1.71959e-05 2.46894e-06 4.88013e-07 -2.68519e-05
0 0 1448 1.71959e-05 2.46894e-06 4.88013e-07 -2.68519e-05
0 0 1449 1.71959e-05 2.46894e-06 4.88013e-07 -2.68519e-05
0 0 1450 1.71959e-05 2.46894e-06 4.88013e-07 -2.68519e-05
0 0 1451 1.71959e-05 2.46894e-06 4.88013e-07 -2.68519e-05
0 0 1452 1.71959e-05 2.46894e-06 4.88013e-07 -2.68519e-05
0 0 1453 1.71959e-05 2.46894e-06 4.88013e-07 -2.68519e-05
0 0 1454 1.71959e-05 2.46894e-06 4.88013e-07 -2.68519e-05
0 0 1455 1.71959e-05 2.46894e-06 4.88013e-07 -2.68519e-05
0 0 1456 1.71959e-05 2.46894e-06 4.88013e-07 -2.68519e-05
0 0 1457 1.71959e-05 2.46894e-06 4.88013e-07 -2.68519e-05
0 0 1458 1.71959e-05 2.46894e-06 4.88013e-07 -2.68519e-05
0 0 1459 1.71959e-05 2.46894e-06 4.88013e-07 -2.68519e-05
0 0 1460 1.71959e-05 2.46894e-06 4.88013e-07 -2.68519e-05
0 0 1461 1.71959e-05 2.46894e-06 4.88013e-07 -2.68519e-05
0 0 1462 1.71959e-05 2.46894e-06 4.88013e-07 -2.68519e-05
0 0 1463 1.71959e-05 2.46894e-06 4.88013e-07 -2.68519e-05
0 0 1464 1.71959e-05 2.46894e-06 4.88013e-07 -2.68519e-05
0 0 1465 1.71959e-05 2.46894e-06 4.88013e-07 -2.68519e-05
0 0 1466 1.71959e-05 2.46894e-06 4.88013e-07 -2.68519e-05
0 0 1467 1.71959e-05 2.46894e-06 4.88013e-07 -2.68519e-05
0 0 1468 1.71959e-05 2.46894e-06 4.88013e-07 -2.68519e-05
0 0 1469 1.71959e-05 2.46894e-06 4.88013e-07 -2.68519e-05
0 0 1470 1.71959e-05 2.46894e-06 4.88013e-07 -2.68519e-05
0 0 1471 1.71959e-05 2.46894e-06 4.88013e-07 -2.68519e-05
0 0 1472 1.71959e-05 2.46894e-06 4.88013e-07 -2.68519e-05
0 0 1473 1.71959e-05 2.46894e-06 4.88013e-07 -2.68519e-05
0 0 1474 1.71959e-05 2.46894e-06 4.88013e-07 -2.68519e-05
0 0 1475 1.71959e-05 2.46894e-06 4.88013e-07 -2.68519e-05
0 0 1476 1.71959e-05 2.46894e-06 4.88013e-07 -2.68519e-05
0 0 1477 1.71959e-05 2.46894e-06 4.88013e-07 -2.68519e-05
0 0 1478 1.71959e-05 2.46894e-06 4.88013e-07 -2.68519e-05
0 0 1479 1.71959e-05 2.46894e-06 4.88013e-07 -2.68519e-05
0 0 1480 1.71959e-05 2.46894e-06 4.88013e-07 -2.68519e-05
0 0 1481 1.71959e-05 2.46894e-06 4.88013e-07 -2.68519e-05
0 0 1482 1.71959e-05 2.46894e-06 4.88013e-07 -2.68519e-05
0 0 1483 1.71959e-05 2.46894e-06 4.88013e-07 -2.68519e-05
0 0 1484 1.71959e-05 2.46894e-06 4.88013e-07 -2.68519e-05
0 0 1485 1.71959e-05 2.46894e-06 4.88013e-07 -2.68519e-05
0 0 1486 1.71959e-05 2.46894e-06 4.88013e-07 -2.68519e-05
0 0 1487 1.71959e-05 2.46894e-06 4.88013e-07 -2.68519e-05
0 0 1488 1.71959e-05 2.46894e-06 4.88013e-07 -2.68519e-05
0 0 1489 1.71959e-05 2.46894e-06 4.88013e-07 -2.68519e-05
0 0 1490 1.71959e-05 2.46894e-06 4.88013e-07 -2.68519e-05
0 0 1491 1.71959e-05 2.46894e-06 4.88013e-07 -2.68519e-05
0 0 1492 1.71959e-05 2.46894e-06 4.88013e-07 -2.68519e-05
0 0 1493 1.71959e-05 2.46894e-06 4.88013e-07 -2.68519e-05
0 0 1494 1.71959e-05 2.46894e-06 4.88013e-07 -2.68519e-05
0 0 1495 1.71959e-05 2.46894e-06 4.88013e-07 -2.68519e-05
0 0 1496 1.71959e-05 2.46894e-06 4.88013e-07 -2.68519e-05
0 0 1497 1.71959e-05 2.46894e-06 4.88013e-07 -2.68519e-05
0 0 1498 1.71959e-05 2.46894e-06 4.88013e-07 -2.68519e-05
0 0 1499 1.71959e-05 2.46894e-06 4.88013e-07 -2.68519e-05
0 0 1500 1.71959e-05 2.46894e-06 4.88013e-07 -2.68519e-05
0 0 1501 1.71959e-05 2.46894e-06 4.88013e-07 -2.68519e-05
0 0 1502 1.71959e-05 2.46894e-06 4.88013e-07 -2.68519e-05
0 0 1503 1.71959e-05 2.46894e-06 4.88013e-07 -2.68519e-05
0 0 1504 1.71959e-05 2.46894e-06 4.88013e-07 -2.68519e-05
0 0 1505 1.71959e-05 2.46894e-06 4.88013e-07 -2.68519e-05
0 0 1506 1.71959e-05 2.46894e-06 4.88013e-07 -2.68519e-05
0 0 1507 1.71959e-05 2.46894e-06 4.88013e-07 -2.68519e-05
0 0 1508 1.71959e-05 2.46894e-06 4.88013e-07 -2.68519e-05
0 0 1509 1.71959e-05 2.46894e-06 4.88013e-07 -2.68519e-05
0 0 1510 1.71959e-05 2.46894e-06 4.88013e-07 -2.68519e-05
0 0 1511 1.71959e-05 2.46894e-06 4.88013e-07 -2.68519e-05
0 0 1512 1.71959e-05 2.46894e-06 4.88013e-07 -2.68519e-05
0 0 1513 1.71959e-05 2.46894e-06 4.88013e-07 -2.68519e-05
0 0 1514 1.71959e-05 2.46894e-06 4.88013e-07 -2.68519e-05
0 0 1515 1.71959e-05 2.46894e-06 4.88013e-07 -2.68519e-05
0 0 1516 1.71959e-05 2.46894e-06 4.88013e-07 -2.68519e-05
0 0 1517 1.71959e-05 2.46894e-06 4.88013e-07 -2.68519e-05
0 0 1518 1.71959e-05 2.46894e-06 4.88013e-07 -2.68519e-05
0 0 1519 1.71959e-05 2.46894e-06 4.88013e-07 -2.68519e-05
0 0 1520 1.71959e-05 2.46894e-06 4.88013e-07 -2.68519e-05
0 0 1521 1.71959e-05 2.46894e-06 4.88013e-07 -2.68519e-05
0 0 1522 1.71959e-05 2.46894e-06 4.88013e-07 -2.68519e-05
0 0 1523 1.71959e-05 2.46894e-06 4.88013e-07 -2.68519e-05
0 0 1524 1.71959e-05 2.46894e-06 4.88013e-07 -2.68519e-05
0 0 1525 1.71959e-05 2.46894e-06 4.88013e-07 -2.68519e-05
0 0 1526 1.71959e-05 2.46894e-06 4.88013e-07 -2.68519e-05
0 0 1527 1.71959e-05 2.46894e-06 4.88013e-07 -2.68519e-05
0 0 1528 1.71959e-05 2.46894e-06 4.88013e-07 -2.68519e-05
0 0 1529 1.71959e-05 2.46894e-06 4.88013e-07 -2.68519e-05
0 0 1530 1.71959e-05 2.46894e-06 4.88013e-07 -2.68519e-05
0 0 1531 1.71959e-05 2.46894e-06 4.88013e-07 -2.68519e-05
0 0 1532 1.71959e-05 2.46894e-06 4.88013e-07 -2.68519e-05
0 0 1533 1.71959e-05 2.46894e-06 4.88013e-07 -2.68519e-05
0 0 1534 1.71959e-05 2.46894e-06 4.88013e-07 -2.68519e-05
0 0 1535 1.71959e-05 2.46894e-06 4.88013e-07 -2.68519e-05
0 0 1536 1.71959e-05 2.46894e-06 4.88013e-07 -2.68519e-05
0 0 1537 1.71959e-05 2.46894e-06 4.88013e-07 -2.68519e-05
0 0 1538 1.71959e-05 2.46894e-06 4.88013e-07 -2.68519e-05
0 0 1539 1.71959e-05 2.46894e-06 4.88013e-07 -2.68519e-05
0 0 1540 1.71959e-05 2.46894e-06 4.88013e-07 -2.68519e-05
0 0 1541 1.71959e-05 2.46894e-06 4.88013e-07 -2.68519e-05
0 0 1542 1.71959e-05 2.46894e-06 4.88013e-07 -2.68519e-05
0 0 1543 1.71959e-05 2.46894e-06 4.88013e-07 -2.68519e-05
0 0 1544 1.71959e-05 2.46894e-06 4.88013e-07 -2.68519e-05
0 0 1545 1.71959e-05 2.46894e-06 4.88013e-07 -2.68519e-05
0 0 1546 1.71959e-05 2.46894e-06 4.88013e-07 -2.68519e-05
0 0 1547 1.71959e-05 2.46894e-06 4.88013e-07 -2.68519e-05
0 0 1548 1.71959e-05 2.46894e-06 4.88013e-07 -2.68519e-05
0 0 1549 1.71959e-05 2.46894e-06 4.88013e-07 -2.68519e-05
0 0 1550 1.71959e-05 2.46894e-06 4.88013e-07 -2.68519e-05
0 0 1551 1.71959e-05 2.46894e-06 4.88013e-07 -2.68519e-05
0 0 1552 1.71959e-05 2.46894e-06 4.88013e-07 -2.68519e-05
0 0 1553 1.71959e-05 2.46894e-06 4.88013e-07 -2.68519e-05
0 0 1554 1.71959e-05 2.46894e-06 4.88013e-07 -2.68519e-05
0 0 1555 1.71959e-05 2.46894e-06 4.88013e-07 -2.68519e-05
0 0 1556 1.71959e-05 2.46894e-06 4.88013e-07 -2.68519e-05
0 0 1557 1.71959e-05 2.46894e-06 4.88013e-07 -2.68519e-05
0 0 1558 1.71959e-05 2.46894e-06 4.88013e-07 -2.68519e-05
0 0 1559 1.71959e-05 2.46894e-06 4.88013e-07 -2.68519e-05
0 0 1560 1.71959e-05 2.46894e-06 4.88013e-07 -2.68519e-05
0 0 1561 1.71959e-05 2.46894e-06 4.88013e-07 -2.68519e-05
0 0 1562 1.71959e-05 2.46894e-06 4.88013e-07 -2.68519e-05
0 0 1563 1.71959e-05 2.46894e-06 4.88013e-07 -2.68519e-05
0 0 1564 1.71959e-05 2.46894e-06 4.88013e-07 -2.68519e-05
0 0 1565 1.71959e-05 2.46894e-06 4.88013e-07 -2.68519e-05
0 0 1566 1.71959e-05 2.46894e-06 4.88013e-07 -2.68519e-05
0 0 1567 1.71959e-05 2.46894e-06 4.88013e-07 -2.68519e-05
0 0 1568 1.71959e-05 2.46894e-06 4.88013e-07 -2.68519e-05
0 0 1569 1.71959e-05 2.46894e-06 4.88013e-07 -2.68519e-05
0 0 1570 1.71959e-05 2.46894e-06 4.88013e-07 -2.68519e-05
0 0 1571 1.71959e-05 2.46894e-06 4.88013e-07 -2.68519e-05
0 0 1572 1.71959e-05 2.46894e-06 4.88013e-07 -2.68519e-05
0 0 1573 1.71959e-05 2.46894e-06 4.88013e-07 -2.68519e-05
0 0 1574 1.71959e-05 2.46894e-06 4.88013e-07 -2.68519e-05
0 0 1575 1.71959e-05 2.46894e-06 4.88013e-07 -2.68519e-05
0 0 1576 1.71959e-05 2.46894e-06 4.88013e-07 -2.68519e-05
0 0 1577 1.71959e-05 2.46894e-06 4.88013e-07 -2.68519e-05
0 0 1578 1.71959e-05 2.46894e-06 4.88013e-07 -2.68519e-05
0 0 1579 1.71959e-05 2.46894e-06 4.88013e-07 -2.68519e-05
0 0 1580 1.71959e-05 2.46894e-06 4.88013e-07 -2.68519e-05
0 0 1581 1.71959e-05 2.46894e-06 4.88013e-07 -2.68519e-05
0 0 1582 1.71959e-05 2.46894e-06 4.88013e-07 -2.68519e-05
0 0 1583 1.71959e-05 2.46894e-06 4.88013e-07 -2.68519e-05
0 0 1584 1.71959e-05 2.46894e-06 4.88013e-07 -2.68519e-05
0 0 1585 1.71959e-05 2.46894e-06 4.88013e-07 -2.68519e-05
0 0 1586 1.71959e-05 2.46894e-06 4.88013e-07 -2.68519e-05
0 0 1587 1.71959e-05 2.46894e-06 4.88013e-07 -2.68519e-05
0 0 1588 1.71959e-05 2.46894e-06 4.88013e-07 -2.68519e-05
0 0 1589 1.71959e-05 2.46894e-06 4.88013e-07 -2.68519e-05
0 0 1590 1.71959e-05 2.46894e-06 4.88013e-07 -2.68519e-05
0 0 1591 1.71959e-05 2.46894e-06 4.88013e-07 -2.68519e-05
0 0 1592 1.71959e-05 2.46894e-06 4.88013e-07 -2.68519e-05
0 0 1593 1.71959e-05 2.46894e-06 4.88013e-07 -2.68519e-05
0 0 1594 1.71959e-05 2.46894e-06 4.88013e-07 -2.68519e-05
0 0 1595 1.71959e-05 2.46894e-06 4.88013e-07 -2.68519e-05
0 0 1596 1.71959e-05 2.46894e-06 4.88013e-07 -2.68519e-05
0 0 1597 1.71959e-05 2.46894e-06 4.88013e-07 -2.68519e-05
0 0 1598 1.71959e-05 2.46894e-06 4.88013e-07 -2.68519e-05
0 0 1599 1.71959e-05 2.46894e-06 4.88013e-07 -2.68519e-05
0 0 1600 1.71959e-05 2.46894e-06 4.88013e-07 -2.68519e-05
0 0 1601 1.71959e-05 2.46894e-06 4.88013e-07 -2.68519e-05
0 0 1602 1.71959e-05 2.46894e-06 4.88013e-07 -2.68519e-05
0 0 1603 1.71959e-05 2.46894e-06 4.88013e-07 -2.68519e-05
0 0 1604 1.71959e-05 2.46894e-06 4.88013e-07 -2.68519e-05
0 0 1605 1.71959e-05 2.46894e-06 4.88013e-07 -2.68519e-05
0 0 1606 1.71959e-05 2.46894e-06 4.88013e-07 -2.68519e-05
0 0 1607 1.71959e-05 2.46894e-06 4.88013e-07 -2.68519e-05
0 0 1608 1.71959e-05 2.46894e-06 4.88013e-07 -2.68519e-05
0 0 1609 1.71959e-05 2.46894e-06 4.88013e-07 -2.68519e-05
0 0 1610 1.71959e-05 2.46894e-06 4.88013e-07 -2.68519e-05
0 0 1611 1.71959e-05 2.46894e-06 4.88013e-07 -2.68519e-05
0 0 1612 1.71959e-05 2.46894e-06 4.88013e-07 -2.68519e-05
0 0 1613 1.71959e-05 2.46894e-06 4.88013e-07 -2.68519e-05
0 0 1614 1.71959e-05 2.46894e-06 4.88013e-07 -2.68519e-05
0 0 1615 1.71959e-05 2.46894e-06 4.88013e-07 -2.68519e-05
0 0 1616 1.71959e-05 2.46894e-06 4.88013e-07 -2.68519e-05
0 0 1617 1.71959e-05 2.46894e-06 4.88013e-07 -2.68519e-05
0 0 1618 1.71959e-05 2.46894e-06 4.88013e-07 -2.68519e-05
0 0 1619 1.71959e-05 2.46894e-06 4.88013e-07 -2.68519e-05
0 0 1620 1.71959e-05 2.46894e-06 4.88013e-07 -2.68519e-05
0 0 1621 1.71959e-05 2.46894e-06 4.88013e-07 -2.68519e-05
0 0 1622 1.71959e-05 2.46894e-06 4.88013e-07 -2.68519e-05
0 0 1623 1.71959e-05 2.46894e-06 4.88013e-07 -2.68519e-05
0 0 1624 1.71959e-05 2.46894e-06 4.88013e-07 -2.68519e-05
0 0 1625 1.71959e-05 2.46894e-06 4.88013e-07 -2.68519e-05
0 0 1626 1.71959e-05 2.46894e-06 4.88013e-07 -2.68519e-05
0 0 1627 1.71959e-05 2.46894e-06 4.88013e-07 -2.68519e-05
0 0 1628 1.71959e-05 2.46894e-06 4.88013e-07 -2.68519e-05
0 0 1629 1.71959e-05 2.46894e-06 4.88013e-07 -2.68519e-05
0 0 1630 1.71959e-05 2.46894e-06 4.88013e-07 -2.68519e-05
0 0 1631 1.71959e-05 2.46894e-06 4.88013e-07 -2.68519e-05
0 0 1632 1.71959e-05 2.46894e-06 4.88013e-07 -2.68519e-05
0 0 1633 1.71959e-05 2.46894e-06 4.88013e-07 -2.68519e-05
0 0 1634 1.71959e-05 2.46894e-06 4.88013e-07 -2.68519e-05
0 0 1635 1.71959e-05 2.46894e-06 4.88013e-07 -2.68519e-05
0 0 1636 1.71959e-05 2.46894e-06 4.88013e-07 -2.68519e-05
0 0 1637 1.71959e-05 2.46894e-06 4.88013e-07 -2.68519e-05
0 0 1638 1.71959e-05 2.46894e-06 4.88013e-07 -2.68519e-05
0 0 1639 1.71959e-05 2.46894e-06 4.88013e-07 -2.68519e-05
0 0 1640 1.71959e-05 2.46894e-06 4.88013e-07 -2.68519e-05
0 0 1641 1.71959e-05 2.46894e-06 4.88013e-07 -2.68519e-05
0 0 1642 1.71959e-05 2.46894e-06 4.88013e-07 -2.68519e-05
0 0 1643 1.71959e-05 2.46894e-06 4.88013e-07 -2.68519e-05
0 0 1644 1.71959e-05 2.46894e-06 4.88013e-07 -2.68519e-05
0 0 1645 1.71959e-05 2.46894e-06 4.88013e-07 -2.68519e-05
0 0 1646 1.71959e-05 2.46894e-06 4.88013e-07 -2.68519e-05
0 0 1647 1.71959e-05 2.46894e-06 4.88013e-07 -2.68519e-05
0 0 1648 1.71959e-05 2.46894e-06 4.88013e-07 -2.68519e-05
0 0 1649 1.71959e-05 2.46894e-06 4.88013e-07 -2.68519e-05
0 0 1650 1.71959e-05 2.46894e-06 4.88013e-07 -2.68519e-05
0 0 1651 1.71959e-05 2.46894e-06 4.88013e-07 -2.68519e-05
0 0 1652 1.71959e-05 2.46894e-06 4.88013e-07 -2.68519e-05
0 0 1653 1.71959e-05 2.46894e-06 4.88013e-07 -2.68519e-05
0 0 1654 1.71959e-05 2.46894e-06 4.88013e-07 -2.68519e-05
0 0 1655 1.71959e-05 2.46894e-06 4.88013e-07 -2.68519e-05
0 0 1656 1.71959e-05 2.46894e-06 4.88013e-07 -2.68519e-05
0 0 1657 1.71959e-05 2.46894e-06 4.88013e-07 -2.68519e-05
0 0 1658 1.71959e-05 2.46894e-06 4.88013e-07 -2.68519e-05
0 0 1659 1.71959e-05 2.46894e-06 4.88013e-07 -2.68519e-05
0 0 1660 1.71959e-05 2.46894e-06 4.88013e-07 -2.68519e-05
0 0 1661 1.71959e-05 2.46894e-06 4.88013e-07 -2.68519e-05
0 0 1662 1.71959e-05 2.46894e-06 4.88013e-07 -2.68519e-05
0 0 1663 1.71959e-05 2.46894e-06 4.88013e-07 -2.68519e-05
0 0 1664 1.71959e-05 2.46894e-06 4.88013e-07 -2.68519e-05
0 0 1665 1.71959e-05 2.46894e-06 4.88013e-07 -2.68519e-05
0 0 1666 1.71959e-05 2.46894e-06 4.88013e-07 -2.68519e-05
0 0 1667 1.71959e-05 2.46894e-06 4.88013e-07 -2.68519e-05
0 0 1668 1.71959e-05 2.46894e-06 4.88013e-07 -2.68519e-05
0 0 1669 1.71959e-05 2.46894e-06 4.88013e-07 -2.68519e-05
0 0 1670 1.71959e-05 2.46894e-06 4.88013e-07 -2.68519e-05
0 0 1671 1.71959e-05 2.46894e-06 4.88013e-07 -2.68519e-05
0 0 1672 1.71959e-05 2.46894e-06 4.88013e-07 -2.68519e-05
0 0 1673 1.71959e-05 2.46894e-06 4.88013e-07 -2.68519e-05
0 0 1674 1.71959e-05 2.46894e-06 4.88013e-07 -2.68519e-05
0 0 1675 1.71959e-05 2.46894e-06 4.88013e-07 -2.68519e-05
0 0 1676 1.71959e-05 2.46894e-06 4.88013e-07 -2.68519e-05
0 0 1677 1.71959e-05 2.46894e-06 4.88013e-07 -2.68519e-05
0 0 1678 1.71959e-05 2.46894e-06 4.88013e-07 -2.68519e-05
0 0 1679 1.71959e-05 2.46894e-06 4.88013e-07 -2.68519e-05
0 0 1680 1.71959e-05 2.46894e-06 4.88013e-07 -2.68519e-05
0 0 1681 1.71959e-05 2.46894e-06 4.88013e-07 -2.68519e-05
0 0 1682 1.71959e-05 2.46894e-06 4.88013e-07 -2.68519e-05
0 0 1683 1.71959e-05 2.46894e-06 4.88013e-07 -2.68519e-05
0 0 1684 1.71959e-05 2.46894e-06 4.88013e-07 -2.68519e-05
0 0 1685 1.71959e-05 2.46894e-06 4.88013e-07 -2.68519e-05
0 0 1686 1.71959e-05 2.46894e-06 4.88013e-07 -2.68519e-05
0 0 1687 1.71959e-05 2.46894e-06 4.88013e-07 -2.68519e-05
0 0 1688 1.71959e-05 2.46894e-06 4.88013e-07 -2.68519e-05
0 0 1689 1.71959e-05 2.46894e-06 4.88013e-07 -2.68519e-05
0 0 1690 1.71959e-05 2.46894e-06 4.88013e-07 -2.68519e-05
0 0 1691 1.71959e-05 2.46894e-06 4.88013e-07 -2.68519e-05
0 0 1692 1.71959e-05 2.46894e-06 4.88013e-07 -2.68519e-05
0 0 1693 1.71959e-05 2.46894e-06 4.88013e-07 -2.68519e-05
0 0 1694 1.71959e-05 2.46894e-06 4.88013e-07 -2.68519e-05
0 0 1695 1.71959e-05 2.46894e-06 4.88013e-07 -2.68519e-05
0 0 1696 1.71959e-05 2.46894e-06 4.88013e-07 -2.68519e-05
0 0 1697 1.71959e-05 2.46894e-06 4.88013e-07 -2.68519e-05
0 0 1698 1.71959e-05 2.46894e-06 4.88013e-07 -2.68519e-05
0 0 1699 1.71959e-05 2.46894e-06 4.88013e-07 -2.68519e-05
0 0 1700 1.71959e-05 2.46894e-06 4.88013e-07 -2.68519e-05
0 0 1701 1.71959e-05 2.46894e-06 4.88013e-07 -2.68519e-05
0 0 1702 1.71959e-05 2.46894e-06 4.88013e-07 -2.68519e-05
0 0 1703 1.71959e-05 2.46894e-06 4.88013e-07 -2.68519e-05
0 0 1704 1.71959e-05 2.46894e-06 4.88013e-07 -2.68519e-05
0 0 1705 1.71959e-05 2.46894e-06 4.88013e-07 -2.68519e-05
0 0 1706 1.71959e-05 2.46894e-06 4.88013e-07 -2.68519e-05
0 0 1707 1.71959e-05 2.46894e-06 4.88013e-07 -2.68519e-05
0 0 1708 1.71959e-05 2.46894e-06 4.88013e-07 -2.68519e-05
0 0 1709 1.71959e-05 2.46894e-06 4.88013e-07 -2.68519e-05
0 0 1710 1.71959e-05 2.46894e-06 4.88013e-07 -2.68519e-05
0 0 1711 1.71959e-05 2.46894e-06 4.88013e-07 -2.68519e-05
0 0 1712 1.71959e-05 2.46894e-06 4.88013e-07 -2.68519e-05
0 0 1713 1.71959e-05 2.46894e-06 4.88013e-07 -2.68519e-05
0 0 1714 1.71959e-05 2.46894e-06 4.88013e-07 -2.68519e-05
0 0 1715 1.71959e-05 2.46894e-06 4.88013e-07 -2.68519e-05
0 0 1716 1.71959e-05 2.46894e-06 4.88013e-07 -2.68519e-05
0 0 1717 1.71959e-05 2.46894e-06 4.88013e-07 -2.68519e-05
0 0 1718 1.71959e-05 2.46894e-06 4.88013e-07 -2.68519e-05
0 0 1719 1.71959e-05 2.46894e-06 4.88013e-07 -2.68519e-05
0 0 1720 1.71959e-05 2.46894e-06 4.88013e-07 -2.68519e-05
0 0 1721 1.71959e-05 2.46894e-06 4.88013e-07 -2.68519e-05
0 0 1722 1.71959e-05 2.46894e-06 4.88013e-07 -2.68519e-05
0 0 1723 1.71959e-05 2.46894e-06 4.88013e-07 -2.68519e-05
0 0 1724 1.71959e-05 2.46894e-06 4.88013e-07 -2.68519e-05
0 0 1725 1.71959e-05 2.46894e-06 4.88013e-07 -2.68519e-05
0 0 1726 1.71959e-05 2.46894e-06 4.88013e-07 -2.68519e-05
0 0 1727 1.71959e-05 2.46894e-06 4.88013e-07 -2.68519e-05
0 0 1728 1.71959e-05 2.46894e-06 4.88013e-07 -2.68519e-05
0 0 1729 1.71959e-05 2.46894e-06 4.88013e-07 -2.68519e-05
0 0 1730 1.71959e-05 2.46894e-06 4.88013e-07 -2.68519e-05
0 0 1731 1.71959e-05 2.46894e-06 4.88013e-07 -2.68519e-05
0 0 1732 1.71959e-05 2.46894e-06 4.88013e-07 -2.68519e-05
0 0 1733 1.71959e-05 2.46894e-06 4.88013e-07 -2.68519e-05
0 0 1734 1.71959e-05 2.46894e-06 4.88013e-07 -2.68519e-05
0 0 1735 1.71959e-05 2.46894e-06 4.88013e-07 -2.68519e-05
0 0 1736 1.71959e-05 2.46894e-06 4.88013e-07 -2.68519e-05
0 0 1737 1.71959e-05 2.46894e-06 4.88013e-07 -2.68519e-05
0 0 1738 1.71959e-05 2.46894e-06 4.88013e-07 -2.68519e-05
0 0 1739 1.71959e-05 2.46894e-06 4.88013e-07 -2.68519e-05
0 0 1740 1.71959e-05 2.46894e-06 4.88013e-07 -2.68519e-05
0 0 1741 1.71959e-05 2.46894e-06 4.88013e-07 -2.68519e-05
0 0 1742 1.71959e-05 2.46894e-06 4.88013e-07 -2.68519e-05
0 0 1743 1.71959e-05 2.46894e-06 4.88013e-07 -2.68519e-05
0 0 1744 1.71959e-05 2.46894e-06 4.88013e-07 -2.68519e-05
0 0 1745 1.71959e-05 2.46894e-06 4.88013e-07 -2.68519e-05
0 0 1746 1.71959e-05 2.46894e-06 4.88013e-07 -2.68519e-05
0 0 1747 1.71959e-05 2.46894e-06 4.88013e-07 -2.68519e-05
0 0 1748 1.71959e-05 2.46894e-06 4.88013e-07 -2.68519e-05
0 0 1749 1.71959e-05 2.46894e-06 4.88013e-07 -2.68519e-05
0 0 1750 1.71959e-05 2.46894e-06 4.88013e-07 -2.68519e-05
0 0 1751 1.71959e-05 2.46894e-06 4.88013e-07 -2.68519e-05
0 0 1752 1.71959e-05 2.46894e-06 4.88013e-07 -2.68519e-05
0 0 1753 1.71959e-05 2.46894e-06 4.88013e-07 -2.68519e-05
0 0 1754 1.71959e-05 2.46894e-06 4.88013e-07 -2.68519e-05
0 0 1755 1.71959e-05 2.46894e-06 4.88013e-07 -2.68519e-05
0 0 1756 1.71959e-05 2.46894e-06 4.88013e-07 -2.68519e-05
0 0 1757 1.71959e-05 2.46894e-06 4.88013e-07 -2.68519e-05
0 0 1758 1.71959e-05 2.46894e-06 4.88013e-07 -2.68519e-05
0 0 1759 1.71959e-05 2.46894e-06 4.88013e-07 -2.68519e-05
0 0 1760 1.71959e-05 2.46894e-06 4.88013e-07 -2.68519e-05
0 0 1761 1.71959e-05 2.46894e-06 4.88013e-07 -2.68519e-05
0 0 1762 1.71959e-05 2.46894e-06 4.88013e-07 -2.68519e-05
0 0 1763 1.71959e-05 2.46894e-06 4.88013e-07 -2.68519e-05
0 0 1764 1.71959e-05 2.46894e-06 4.88013e-07 -2.68519e-05
0 0 1765 1.71959e-05 2.46894e-06 4.88013e-07 -2.68519e-05
0 0 1766 1.71959e-05 2.46894e-06 4.88013e-07 -2.68519e-05
0 0 1767 1.71959e-05 2.46894e-06 4.88013e-07 -2.68519e-05
0 0 1768 1.71959e-05 2.46894e-06 4.88013e-07 -2.68519e-05
0 0 1769 1.71959e-05 2.46894e-06 4.88013e-07 -2.68519e-05
0 0 1770 1.71959e-05 2.46894e-06 4.88013e-07 -2.68519e-05
0 0 1771 1.71959e-05 2.46894e-06 4.88013e-07 -2.68519e-05
0 0 1772 1.71959e-05 2.46894e-06 4.88013e-07 -2.68519e-05
0 0 1773 1.71959e-05 2.46894e-06 4.88013e-07 -2.68519e-05
0 0 1774 1.71959e-05 2.46894e-06 4.88013e-07 -2.68519e-05
0 0 1775 1.71959e-05 2.46894e-06 4.88013e-07 -2.68519e-05
0 0 1776 1.71959e-05 2.46894e-06 4.88013e-07 -2.68519e-05
0 0 1777 1.71959e-05 2.46894e-06 4.88013e-07 -2.68519e-05
0 0 1778 1.71959e-05 2.46894e-06 4.88013e-07 -2.68519e-05
0 0 1779 1.71959e-05 2.46894e-06 4.88013e-07 -2.68519e-05
0 0 1780 1.71959e-05 2.46894e-06 4.88013e-07 -2.68519e-05
0 0 1781 1.71959e-05 2.46894e-06 4.88013e-07 -2.68519e-05
0 0 1782 1.71959e-05 2.46894e-06 4.88013e-07 -2.68519e-05
0 0 1783 1.71959e-05 2.46894e-06 4.88013e-07 -2.68519e-05
0 0 1784 1.71959e-05 2.46894e-06 4.88013e-07 -2.68519e-05
0 0 1785 1.71959e-05 2.46894e-06 4.88013e-07 -2.68519e-05
0 0 1786 1.71959e-05 2.46894e-06 4.88013e-07 -2.68519e-05
0 0 1787 1.71959e-05 2.46894e-06 4.88013e-07 -2.68519e-05
0 0 1788 1.71959e-05 2.46894e-06 4.88013e-07 -2.68519e-05
0 0 1789 1.71959e-05 2.46894e-06 4.88013e-07 -2.68519e-05
0 0 1790 1.71959e-05 2.46894e-06 4.88013e-07 -2.68519e-05
0 0 1791 1.71959e-05 2.46894e-06 4.88013e-07 -2.68519e-05
0 0 1792 1.71959e-05 2.46894e-06 4.88013e-07 -2.68519e-05
0 0 1793 1.71959e-05 2.46894e-06 4.88013e-07 -2.68519e-05
0 0 1794 1.71959e-05 2.46894e-06 4.88013e-07 -2.68519e-05
0 0 1795 1.71959e-05 2.46894e-06 4.88013e-07 -2.68519e-05
0 0 1796 1.71959e-05 2.46894e-06 4.88013e-07 -2.68519e-05
0 0 1797 1.71959e-05 2.46894e-06 4.88013e-07 -2.68519e-05
0 0 1798 1.71959e-05 2.46894e-06 4.88013e-07 -2.68519e-05
0 0 1799 1.71959e-05 2.46894e-06 4.88013e-07 -2.68519e-05
0 0 1800 1.71959e-05 2.46894e-06 4.88013e-07 -2.68519e-05
0 0 1801 1.71959e-05 2.46894e-06 4.88013e-07 -2.68519e-05
0 0 1802 1.71959e-05 2.46894e-06 4.88013e-07 -2.68519e-05
0 0 1803 1.71959e-05 2.46894e-06 4.88013e-07 -2.68519e-05
0 0 1804 1.71959e-05 2.46894e-06 4.88013e-07 -2.68519e-05
0 0 1805 1.71959e-05 2.46894e-06 4.88013e-07 -2.68519e-05
0 0 1806 1.71959e-05 2.46894e-06 4.88013e-07 -2.68519e-05
0 0 1807 1.71959e-05 2.46894e-06 4.88013e-07 -2.68519e-05
0 0 1808 1.71959e-05 2.46894e-06 4.88013e-07 -2.68519e-05
0 0 1809 1.71959e-05 2.46894e-06 4.88013e-07 -2.68519e-05
0 0 1810 1.71959e-05 2.46894e-06 4.88013e-07 -2.68519e-05
0 0 1811 1.71959e-05 2.46894e-06 4.88013e-07 -2.68519e-05
0 0 1812 1.71959e-05 2.46894e-06 4.88013e-07 -2.68519e-05
0 0 1813 1.71959e-05 2.46894e-06 4.88013e-07 -2.68519e-05
0 0 1814 1.71959e-05 2.46894e-06 4.88013e-07 -2.68519e-05
0 0 1815 1.71959e-05 2.46894e-06 4.88013e-07 -2.68519e-05
0 0 1816 1.71959e-05 2.46894e-06 4.88013e-07 -2.68519e-05
0 0 1817 1.71959e-05 2.46894e-06 4.88013e-07 -2.68519e-05
0 0 1818 1.71959e-05 2.46894e-06 4.88013e-07 -2.68519e-05
0 0 1819 1.71959e-05 2.46894e-06 4.88013e-07 -2.68519e-05
0 0 1820 1.71959e-05 2.46894e-06 4.88013e-07 -2.68519e-05
0 0 1821 1.71959e-05 2.46894e-06 4.88013e-07 -2.68519e-05
0 0 1822 1.71959e-05 2.46894e-06 4.88013e-07 -2.68519e-05
0 0 1823 1.71959e-05 2.46894e-06 4.88013e-07 -2.68519e-05
0 0 1824 1.71959e-05 2.46894e-06 4.88013e-07 -2.68519e-05
0 0 1825 1.71959e-05 2.46894e-06 4.88013e-07 -2.68519e-05
0 0 1826 1.71959e-05 2.46894e-06 4.88013e-07 -2.68519e-05
0 0 1827 1.71959e-05 2.46894e-06 4.88013e-07 -2.68519e-05
0 0 1828 1.71959e-05 2.46894e-06 4.88013e-07 -2.68519e-05
0 0 1829 1.71959e-05 2.46894e-06 4.88013e-07 -2.68519e-05
0 0 1830 1.71959e-05 2.46894e-06 4.88013e-07 -2.68519e-05
0 0 1831 1.71959e-05 2.46894e-06 4.88013e-07 -2.68519e-05
0 0 1832 1.71959e-05 2.46894e-06 4.88013e-07 -2.68519e-05
0 0 1833 1.71959e-05 2.46894e-06 4.88013e-07 -2.68519e-05
0 0 1834 1.71959e-05 2.46894e-06 4.88013e-07 -2.68519e-05
0 0 1835 1.71959e-05 2.46894e-06 4.88013e-07 -2.68519e-05
0 0 1836 1.71959e-05 2.46894e-06 4.88013e-07 -2.68519e-05
0 0 1837 1.71959e-05 2.46894e-06 4.88013e-07 -2.68519e-05
0 0 1838 1.71959e-05 2.46894e-06 4.88013e-07 -2.68519e-05
0 0 1839 1.71959e-05 2.46894e-06 4.88013e-07 -2.68519e-05
0 0 1840 1.71959e-05 2.46894e-06 4.88013e-07 -2.68519e-05
0 0 1841 1.71959e-05 2.46894e-06 4.88013e-07 -2.68519e-05
0 0 1842 1.71959e-05 2.46894e-06 4.88013e-07 -2.68519e-05
0 0 1843 1.71959e-05 2.46894e-06 4.88013e-07 -2.68519e-05
0 0 1844 1.71959e-05 2.46894e-06 4.88013e-07 -2.68519e-05
0 0 1845 1.71959e-05 2.46894e-06 4.88013e-07 -2.68519e-05
0 0 1846 1.71959e-05 2.46894e-06 4.88013e-07 -2.68519e-05
0 0 1847 1.71959e-05 2.46894e-06 4.88013e-07 -2.68519e-05
0 0 1848 1.71959e-05 2.46894e-06 4.88013e-07 -2.68519e-05
0 0 1849 1.71959e-05 2.46894e-06 4.88013e-07 -2.68519e-05
0 0 1850 1.71959e-05 2.46894e-06 4.88013e-07 -2.68519e-05
0 0 1851 1.71959e-05 2.46894e-06 4.88013e-07 -2.68519e-05
0 0 1852 1.71959e-05 2.46894e-06 4.88013e-07 -2.68519e-05
0 0 1853 1.71959e-05 2.46894e-06 4.88013e-07 -2.68519e-05
0 0 1854 1.71959e-05 2.46894e-06 4.88013e-07 -2.68519e-05
0 0 1855 1.71959e-05 2.46894e-06 4.88013e-07 -2.68519e-05
0 0 1856 1.71959e-05 2.46894e-06 4.88013e-07 -2.68519e-05
0 0 1857 1.71959e-05 2.46894e-06 4.88013e-07 -2.68519e-05
0 0 1858 1.71959e-05 2.46894e-06 4.88013e-07 -2.68519e-05
0 0 1859 1.71959e-05 2.46894e-06 4.88013e-07 -2.68519e-05
0 0 1860 1.71959e-05 2.46894e-06 4.88013e-07 -2.68519e-05
0 0 1861 1.71959e-05 2.46894e-06 4.88013e-07 -2.68519e-05
0 0 1862 1.71959e-05 2.46894e-06 4.88013e-07 -2.68519e-05
0 0 1863 1.71959e-05 2.46894e-06 4.88013e-07 -2.68519e-05
0 0 1864 1.71959e-05 2.46894e-06 4.88013e-07 -2.68519e-05
0 0 1865 1.71959e-05 2.46894e-06 4.88013e-07 -2.68519e-05
0 0 1866 1.71959e-05 2.46894e-06 4.88013e-07 -2.68519e-05
0 0 1867 1.71959e-05 2.46894e-06 4.88013e-07 -2.68519e-05
0 0 1868 1.71959e-05 2.46894e-06 4.88013e-07 -2.68519e-05
0 0 1869 1.71959e-05 2.46894e-06 4.88013e-07 -2.68519e-05
0 0 1870 1.71959e-05 2.46894e-06 4.88013e-07 -2.68519e-05
0 0 1871 1.71959e-05 2.46894e-06 4.88013e-07 -2.68519e-05
0 0 1872 1.71959e-05 2.46894e-06 4.88013e-07 -2.68519e-05
0 0 1873 1.71959e-05 2.46894e-06 4.88013e-07 -2.68519e-05
0 0 1874 1.71959e-05 2.46894e-06 4.88013e-07 -2.68519e-05
0 0 1875 1.71959e-05 2.46894e-06 4.88013e-07 -2.68519e-05
0 0 1876 1.71959e-05 2.46894e-06 4.88013e-07 -2.68519e-05
0 0 1877 1.71959e-05 2.46894e-06 4.88013e-07 -2.68519e-05
0 0 1878 1.71959e-05 2.46894e-06 4.88013e-07 -2.68519e-05
0 0 1879 1.71959e-05 2.46894e-06 4.88013e-07 -2.68519e-05
0 0 1880 1.71959e-05 2.46894e-06 4.88013e-07 -2.68519e-05
0 0 1881 1.71959e-05 2.46894e-06 4.88013e-07 -2.68519e-05
0 0 1882 1.71959e-05 2.46894e-06 4.88013e-07 -2.68519e-05
0 0 1883 1.71959e-05 2.46894e-06 4.88013e-07 -2.68519e-05
0 0 1884 1.71959e-05 2.46894e-06 4.88013e-07 -2.68519e-05
0 0 1885 1.71959e-05 2.46894e-06 4.88013e-07 -2.68519e-05
0 0 1886 1.71959e-05 2.46894e-06 4.88013e-07 -2.68519e-05
0 0 1887 1.71959e-05 2.46894e-06 4.88013e-07 -2.68519e-05
0 0 1888 1.71959e-05 2.46894e-06 4.88013e-07 -2.68519e-05
0 0 1889 1.71959e-05 2.46894e-06 4.88013e-07 -2.68519e-05
0 0 1890 1.71959e-05 2.46894e-06 4.88013e-07 -2.68519e-05
0 0 1891 1.71959e-05 2.46894e-06 4.88013e-07 -2.68519e-05
0 0 1892 1.71959e-05 2.46894e-06 4.88013e-07 -2.68519e-05
0 0 1893 1.71959e-05 2.46894e-06 4.88013e-07 -2.68519e-05
0 0 1894 1.71959e-05 2.46894e-06 4.88013e-07 -2.68519e-05
0 0 1895 1.71959e-05 2.46894e-06 4.88013e-07 -2.68519e-05
0 0 1896 1.71959e-05 2.46894e-06 4.88013e-07 -2.68519e-05
0 0 1897 1.71959e-05 2.46894e-06 4.88013e-07 -2.68519e-05
0 0 1898 1.71959e-05 2.46894e-06 4.88013e-07 -2.68519e-05
0 0 1899 1.71959e-05 2.46894e-06 4.88013e-07 -2.68519e-05
0 0 1900 1.71959e-05 2.46894e-06 4.88013e-07 -2.68519e-05
0 0 1901 1.71959e-05 2.46894e-06 4.88013e-07 -2.68519e-05
0 0 1902 1.71959e-05 2.46894e-06 4.88013e-07 -2.68519e-05
0 0 1903 1.71959e-05 2.46894e-06 4.88013e-07 -2.68519e-05
0 0 1904 1.71959e-05 2.46894e-06 4.88013e-07 -2.68519e-05
0 0 1905 1.71959e-05 2.46894e-06 4.88013e-07 -2.68519e-05
0 0 1906 1.71959e-05 2.46894e-06 4.88013e-07 -2.68519e-05
0 0 1907 1.71959e-05 2.46894e-06 4.88013e-07 -2.68519e-05
0 0 1908 1.71959e-05 2.46894e-06 4.88013e-07 -2.68519e-05
0 0 1909 1.71959e-05 2.46894e-06 4.88013e-07 -2.68519e-05
0 0 1910 1.71959e-05 2.46894e-06 4.88013e-07 -2.68519e-05
0 0 1911 1.71959e-05 2.46894e-06 4.88013e-07 -2.68519e-05
0 0 1912 1.71959e-05 2.46894e-06 4.88013e-07 -2.68519e-05
0 0 1913 1.71959e-05 2.46894e-06 4.88013e-07 -2.68519e-05
0 0 1914 1.71959e-05 2.46894e-06 4.88013e-07 -2.68519e-05
0 0 1915 1.71959e-05 2.46894e-06 4.88013e-07 -2.68519e-05
0 0 1916 1.71959e-05 2.46894e-06 4.88013e-07 -2.68519e-05
0 0 1917 1.71959e-05 2.46894e-06 4.88013e-07 -2.68519e-05
0 0 1918 1.71959e-05 2.46894e-06 4.88013e-07 -2.68519e-05
0 0 1919 1.71959e-05 2.46894e-06 4.88013e-07 -2.68519e-05
0 0 1920 1.71959e-05 2.46894e-06 4.88013e-07 -2.68519e-05
0 0 1921 1.71959e-05 2.46894e-06 4.88013e-07 -2.68519e-05
0 0 1922 1.71959e-05 2.46894e-06 4.88013e-07 -2.68519e-05
0 0 1923 1.71959e-05 2.46894e-06 4.88013e-07 -2.68519e-05
0 0 1924 1.71959e-05 2.46894e-06 4.88013e-07 -2.68519e-05
0 0 1925 1.71959e-05 2.46894e-06 4.88013e-07 -2.68519e-05
0 0 1926 1.71959e-05 2.46894e-06 4.88013e-07 -2.68519e-05
0 0 1927 1.71959e-05 2.46894e-06 4.88013e-07 -2.68519e-05
0 0 1928 1.71959e-05 2.46894e-06 4.88013e-07 -2.68519e-05
0 0 1929 1.71959e-05 2.46894e-06 4.88013e-07 -2.68519e-05
0 0 1930 1.71959e-05 2.46894e-06 4.88013e-07 -2.68519e-05
0 0 1931 1.71959e-05 2.46894e-06 4.88013e-07 -2.68519e-05
0 0 1932 1.71959e-05 2.46894e-06 4.88013e-07 -2.68519e-05
0 0 1933 1.71959e-05 2.46894e-06 4.88013e-07 -2.68519e-05
0 0 1934 1.71959e-05 2.46894e-06 4.88013e-07 -2.68519e-05
0 0 1935 1.71959e-05 2.46894e-06 4.88013e-07 -2.68519e-05
0 0 1936 1.71959e-05 2.46894e-06 4.88013e-07 -2.68519e-05
0 0 1937 1.71959e-05 2.46894e-06 4.88013e-07 -2.68519e-05
0 0 1938 1.71959e-05 2.46894e-06 4.88013e-07 -2.68519e-05
0 0 1939 1.71959e-05 2.46894e-06 4.88013e-07 -2.68519e-05
0 0 1940 1.71959e-05 2.46894e-06 4.88013e-07 -2.68519e-05
0 0 1941 1.71959e-05 2.46894e-06 4.88013e-07 -2.68519e-05
0 0 1942 1.71959e-05 2.46894e-06 4.88013e-07 -2.68519e-05
0 0 1943 1.71959e-05 2.46894e-06 4.88013e-07 -2.68519e-05
0 0 1944 1.71959e-05 2.46894e-06 4.88013e-07 -2.68519e-05
0 0 1945 1.71959e-05 2.46894e-06 4.88013e-07 -2.68519e-05
0 0 1946 1.71959e-05 2.46894e-06 4.88013e-07 -2.68519e-05
0 0 1947 1.71959e-05 2.46894e-06 4.88013e-07 -2.68519e-05
0 0 1948 1.71959e-05 2.46894e-06 4.88013e-07 -2.68519e-05
0 0 1949 1.71959e-05 2.46894e-06 4.88013e-07 -2.68519e-05
0 0 1950 1.71959e-05 2.46894e-06 4.88013e-07 -2.68519e-05
0 0 1951 1.71959e-05 2.46894e-06 4.88013e-07 -2.68519e-05
0 0 1952 1.71959e-05 2.46894e-06 4.88013e-07 -2.68519e-05
0 0 1953 1.71959e-05 2.46894e-06 4.88013e-07 -2.68519e-05
0 0 1954 1.71959e-05 2.46894e-06 4.88013e-07 -2.68519e-05
0 0 1955 1.71959e-05 2.46894e-06 4.88013e-07 -2.68519e-05
0 0 1956 1.71959e-05 2.46894e-06 4.88013e-07 -2.68519e-05
0 0 1957 1.71959e-05 2.46894e-06 4.88013e-07 -2.68519e-05
0 0 1958 1.71959e-05 2.46894e-06 4.88013e-07 -2.68519e-05
0 0 1959 1.71959e-05 2.46894e-06 4.88013e-07 -2.68519e-05
0 0 1960 1.71959e-05 2.46894e-06 4.88013e-07 -2.68519e-05
0 0 1961 1.71959e-05 2.46894e-06 4.88013e-07 -2.68519e-05
0 0 1962 1.71959e-05 2.46894e-06 4.88013e-07 -2.68519e-05
0 0 1963 1.71959e-05 2.46894e-06 4.88013e-07 -2.68519e-05
0 0 1964 1.71959e-05 2.46894e-06 4.88013e-07 -2.68519e-05
0 0 1965 1.71959e-05 2.46894e-06 4.88013e-07 -2.68519e-05
0 0 1966 1.71959e-05 2.46894e-06 4.88013e-07 -2.68519e-05
0 0 1967 1.71959e-05 2.46894e-06 4.88013e-07 -2.68519e-05
0 0 1968 1.71959e-05 2.46894e-06 4.88013e-07 -2.68519e-05
0 0 1969 1.71959e-05 2.46894e-06 4.88013e-07 -2.68519e-05
0 0 1970 1.71959e-05 2.46894e-06 4.88013e-07 -2.68519e-05
0 0 1971 1.71959e-05 2.46894e-06 4.88013e-07 -2.68519e-05
0 0 1972 1.71959e-05 2.46894e-06 4.88013e-07 -2.68519e-05
0 0 1973 1.71959e-05 2.46894e-06 4.88013e-07 -2.68519e-05
0 0 1974 1.71959e-05 2.46894e-06 4.88013e-07 -2.68519e-05
0 0 1975 1.71959e-05 2.46894e-06 4.88013e-07 -2.68519e-05
0 0 1976 1.71959e-05 2.46894e-06 4.88013e-07 -2.68519e-05
0 0 1977 1.71959e-05 2.46894e-06 4.88013e-07 -2.68519e-05
0 0 1978 1.71959e-05 2.46894e-06 4.88013e-07 -2.68519e-05
0 0 1979 1.71959e-05 2.46894e-06 4.88013e-07 -2.68519e-05
0 0 1980 1.71959e-05 2.46894e-06 4.88013e-07 -2.68519e-05
0 0 1981 1.71959e-05 2.46894e-06 4.88013e-07 -2.68519e-05
0 0 1982 1.71959e-05 2.46894e-06 4.88013e-07 -2.68519e-05
0 0 1983 1.71959e-05 2.46894e-06 4.88013e-07 -2.68519e-05
0 0 1984 1.71959e-05 2.46894e-06 4.88013e-07 -2.68519e-05
0 0 1985 1.71959e-05 2.46894e-06 4.88013e-07 -2.68519e-05
0 0 1986 1.71959e-05 2.46894e-06 4.88013e-07 -2.68519e-05
0 0 1987 1.71959e-05 2.46894e-06 4.88013e-07 -2.68519e-05
0 0 1988 1.71959e-05 2.46894e-06 4.88013e-07 -2.68519e-05
0 0 1989 1.71959e-05 2.46894e-06 4.88013e-07 -2.68519e-05
0 0 1990 1.71959e-05 2.46894e-06 4.88013e-07 -2.68519e-05
0 0 1991 1.71959e-05 2.46894e-06 4.88013e-07 -2.68519e-05
0 0 1992 1.71959e-05 2.46894e-06 4.88013e-07 -2.68519e-05
0 0 1993 1.71959e-05 2.46894e-06 4.88013e-07 -2.68519e-05
0 0 1994 1.71959e-05 2.46894e-06 4.88013e-07 -2.68519e-05
0 0 1995 1.71959e-05 2.46894e-06 4.88013e-07 -2.68519e-05
0 0 1996 1.71959e-05 2.46894e-06 4.88013e-07 -2.68519e-05
0 0 1997 1.71959e-05 2.46894e-06 4.88013e-07 -2.68519e-05
0 0 1998 1.71959e-05 2.46894e-06 4.88013e-07 -2.68519e-05
0 0 1999 1.71959e-05 2.46894e-06 4.88013e-07 -2.68519e-05
0 0 2000 1.71959e-05 2.46894e-06 4.88013e-07 -2.68519e-05
0 0 2001 1.71959e-05 2.46894e-06 4.88013e-07 -2.68519e-05
0 0 2002 1.71959e-05 2.46894e-06 4.88013e-07 -2.68519e-05
0 0 2003 1.71959e-05 2.46894e-06 4.88013e-07 -2.68519e-05
0 0 2004 1.71959e-05 2.46894e-06 4.88013e-07 -2.68519e-05
0 0 2005 1.71959e-05 2.46894e-06 4.88013e-07 -2.68519e-05
0 0 2006 1.71959e-05 2.46894e-06 4.88013e-07 -2.68519e-05
0 0 2007 1.71959e-05 2.46894e-06 4.88013e-07 -2.68519e-05
0 0 2008 1.71959e-05 2.46894e-06 4.88013e-07 -2.68519e-05
0 0 2009 1.71959e-05 2.46894e-06 4.88013e-07 -2.68519e-05
0 0 2010 1.71959e-05 2.46894e-06 4.88013e-07 -2.68519e-05
0 0 2011 1.71959e-05 2.46894e-06 4.88013e-07 -2.68519e-05
0 0 2012 1.71959e-05 2.46894e-06 4.88013e-07 -2.68519e-05
0 0 2013 1.71959e-05 2.46894e-06 4.88013e-07 -2.68519e-05
0 0 2014 1.71959e-05 2.46894e-06 4.88013e-07 -2.68519e-05
0 0 2015 1.71959e-05 2.46894e-06 4.88013e-07 -2.68519e-05
0 0 2016 1.71959e-05 2.46894e-06 4.88013e-07 -2.68519e-05
0 0 2017 1.71959e-05 2.46894e-06 4.88013e-07 -2.68519e-05
0 0 2018 1.71959e-05 2.46894e-06 4.88013e-07 -2.68519e-05
0 0 2019 1.71959e-05 2.46894e-06 4.88013e-07 -2.68519e-05
0 0 2020 1.71959e-05 2.46894e-06 4.88013e-07 -2.68519e-05
0 0 2021 1.71959e-05 2.46894e-06 4.88013e-07 -2.68519e-05
0 0 2022 1.71959e-05 2.46894e-06 4.88013e-07 -2.68519e-05
0 0 2023 1.71959e-05 2.46894e-06 4.88013e-07 -2.68519e-05
0 0 2024 1.71959e-05 2.46894e-06 4.88013e-07 -2.68519e-05
0 0 2025 1.71959e-05 2.46894e-06 4.88013e-07 -2.68519e-05
0 0 2026 1.71959e-05 2.46894e-06 4.88013e-07 -2.68519e-05
0 0 2027 1.71959e-05 2.46894e-06 4.88013e-07 -2.68519e-05
0 0 2028 1.71959e-05 2.46894e-06 4.88013e-07 -2.68519e-05
0 0 2029 1.71959e-05 2.46894e-06 4.88013e-07 -2.68519e-05
0 0 2030 1.71959e-05 2.46894e-06 4.88013e-07 -2.68519e-05
0 0 2031 1.71959e-05 2.46894e-06 4.88013e-07 -2.68519e-05
0 0 2032 1.71959e-05 2.46894e-06 4.88013e-07 -2.68519e-05
0 0 2033 1.71959e-05 2.46894e-06 4.88013e-07 -2.68519e-05
0 0 2034 1.71959e-05 2.46894e-06 4.88013e-07 -2.68519e-05
0 0 2035 1.71959e-05 2.46894e-06 4.88013e-07 -2.68519e-05
0 0 2036 1.71959e-05 2.46894e-06 4.88013e-07 -2.68519e-05
0 0 2037 1.71959e-05 2.46894e-06 4.88013e-07 -2.68519e-05
0 0 2038 1.71959e-05 2.46894e-06 4.88013e-07 -2.68519e-05
0 0 2039 1.71959e-05 2.46894e-06 4.88013e-07 -2.68519e-05
0 0 2040 1.71959e-05 2.46894e-06 4.88013e-07 -2.68519e-05
0 0 2041 1.71959e-05 2.46894e-06 4.88013e-07 -2.68519e-05
0 0 2042 1.71959e-05 2.46894e-06 4.88013e-07 -2.68519e-05
0 0 2043 1.71959e-05 2.46894e-06 4.88013e-07 -2.68519e-05
0 0 2044 1.71959e-05 2.46894e-06 4.88013e-07 -2.68519e-05
0 0 2045 1.71959e-05 2.46894e-06 4.88013e-07 -2.68519e-05
0 0 2046 1.71959e-05 2.46894e-06 4.88013e-07 -2.68519e-05
0 0 2047 1.71959e-05 2.46894e-06 4.88013e-07 -2.68519e-05
0 0 2048 1.71959e-05 2.46894e-06 4.88013e-07 -2.68519e-05
0 0 2049 1.71959e-05 2.46894e-06 4.88013e-07 -2.68519e-05
0 0 2050 1.71959e-05 2.46894e-06 4.88013e-07 -2.68519e-05
0 0 2051 1.71959e-05 2.46894e-06 4.88013e-07 -2.68519e-05
0 0 2052 1.71959e-05 2.46894e-06 4.88013e-07 -2.68519e-05
0 0 2053 1.71959e-05 2.46894e-06 4.88013e-07 -2.68519e-05
0 0 2054 1.71959e-05 2.46894e-06 4.88013e-07 -2.68519e-05
0 0 2055 1.71959e-05 2.46894e-06 4.88013e-07 -2.68519e-05
0 0 2056 1.71959e-05 2.46894e-06 4.88013e-07 -2.68519e-05
0 0 2057 1.71959e-05 2.46894e-06 4.88013e-07 -2.68519e-05
0 0 2058 1.71959e-05 2.46894e-06 4.88013e-07 -2.68519e-05
0 0 2059 1.71959e-05 2.46894e-06 4.88013e-07 -2.68519e-05
0 0 2060 1.71959e-05 2.46894e-06 4.88013e-07 -2.68519e-05
0 0 2061 1.71959e-05 2.46894e-06 4.88013e-07 -2.68519e-05
0 0 2062 1.71959e-05 2.46894e-06 4.88013e-07 -2.68519e-05
0 0 2063 1.71959e-05 2.46894e-06 4.88013e-07 -2.68519e-05
0 0 2064 1.71959e-05 2.46894e-06 4.88013e-07 -2.68519e-05
0 0 2065 1.71959e-05 2.46894e-06 4.88013e-07 -2.68519e-05
0 0 2066 1.71959e-05 2.46894e-06 4.88013e-07 -2.68519e-05
0 0 2067 1.71959e-05 2.46894e-06 4.88013e-07 -2.68519e-05
0 0 2068 1.71959e-05 2.46894e-06 4.88013e-07 -2.68519e-05
0 0 2069 1.71959e-05 2.46894e-06 4.88013e-07 -2.68519e-05
0 0 2070 1.71959e-05 2.46894e-06 4.88013e-07 -2.68519e-05
0 0 2071 1.71959e-05 2.46894e-06 4.88013e-07 -2.68519e-05
0 0 2072 1.71959e-05 2.46894e-06 4.88013e-07 -2.68519e-05
0 0 2073 1.71959e-05 2.46894e-06 4.88013e-07 -2.68519e-05
0 0 2074 1.71959e-05 2.46894e-06 4.88013e-07 -2.68519e-05
0 0 2075 1.71959e-05 2.46894e-06 4.88013e-07 -2.68519e-05
0 0 2076 1.71959e-05 2.46894e-06 4.88013e-07 -2.68519e-05
0 0 2077 1.71959e-05 2.46894e-06 4.88013e-07 -2.68519e-05
0 0 2078 1.71959e-05 2.46894e-06 4.88013e-07 -2.68519e-05
0 0 2079 1.71959e-05 2.46894e-06 4.88013e-07 -2.68519e-05
0 0 2080 1.71959e-05 2.46894e-06 4.88013e-07 -2.68519e-05
0 0 2081 1.71959e-05 2.46894e-06 4.88013e-07 -2.68519e-05
0 0 2082 1.71959e-05 2.46894e-06 4.88013e-07 -2.68519e-05
0 0 2083 1.71959e-05 2.46894e-06 4.88013e-07 -2.68519e-05
0 0 2084 1.71959e-05 2.46894e-06 4.88013e-07 -2.68519e-05
0 0 2085 1.71959e-05 2.46894e-06 4.88013e-07 -2.68519e-05
0 0 2086 1.71959e-05 2.46894e-06 4.88013e-07 -2.68519e-05
0 0 2087 1.71959e-05 2.46894e-06 4.88013e-07 -2.68519e-05
0 0 2088 1.71959e-05 2.46894e-06 4.88013e-07 -2.68519e-05
0 0 2089 1.71959e-05 2.46894e-06 4.88013e-07 -2.68519e-05
0 0 2090 1.71959e-05 2.46894e-06 4.88013e-07 -2.68519e-05
0 0 2091 1.71959e-05 2.46894e-06 4.88013e-07 -2.68519e-05
0 0 2092 1.71959e-05 2.46894e-06 4.88013e-07 -2.68519e-05
0 0 2093 1.71959e-05 2.46894e-06 4.88013e-07 -2.68519e-05
0 0 2094 1.71959e-05 2.46894e-06 4.88013e-07 -2.68519e-05
0 0 2095 1.71959e-05 2.46894e-06 4.88013e-07 -2.68519e-05
0 0 2096 1.71959e-05 2.46894e-06 4.88013e-07 -2.68519e-05
0 0 2097 1.71959e-05 2.46894e-06 4.88013e-07 -2.68519e-05
0 0 2098 1.71959e-05 2.46894e-06 4.88013e-07 -2.68519e-05
0 0 2099 1.71959e-05 2.46894e-06 4.88013e-07 -2.68519e-05
0 0 2100 1.71959e-05 2.46894e-06 4.88013e-07 -2.68519e-05
0 0 2101 1.71959e-05 2.46894e-06 4.88013e-07 -2.68519e-05
0 0 2102 1.71959e-05 2.46894e-06 4.88013e-07 -2.68519e-05
0 0 2103 1.71959e-05 2.46894e-06 4.88013e-07 -2.68519e-05
0 0 2104 1.71959e-05 2.46894e-06 4.88013e-07 -2.68519e-05
0 0 2105 1.71959e-05 2.46894e-06 4.88013e-07 -2.68519e-05
0 0 2106 1.71959e-05 2.46894e-06 4.88013e-07 -2.68519e-05
0 0 2107 1.71959e-05 2.46894e-06 4.88013e-07 -2.68519e-05
0 0 2108 1.71959e-05 2.46894e-06 4.88013e-07 -2.68519e-05
0 0 2109 1.71959e-05 2.46894e-06 4.88013e-07 -2.68519e-05
0 0 2110 1.71959e-05 2.46894e-06 4.88013e-07 -2.68519e-05
0 0 2111 1.71959e-05 2.46894e-06 4.88013e-07 -2.68519e-05
0 0 2112 1.71959e-05 2.46894e-06 4.88013e-07 -2.68519e-05
0 0 2113 1.71959e-05 2.46894e-06 4.88013e-07 -2.68519e-05
0 0 2114 1.71959e-05 2.46894e-06 4.88013e-07 -2.68519e-05
0 0 2115 1.71959e-05 2.46894e-06 4.88013e-07 -2.68519e-05
0 0 2116 1.71959e-05 2.46894e-06 4.88013e-07 -2.68519e-05
0 0 2117 1.71959e-05 2.46894e-06 4.88013e-07 -2.68519e-05
0 0 2118 1.71959e-05 2.46894e-06 4.88013e-07 -2.68519e-05
0 0 2119 1.71959e-05 2.46894e-06 4.88013e-07 -2.68519e-05
0 0 2120 1.71959e-05 2.46894e-06 4.88013e-07 -2.68519e-05
0 0 2121 1.71959e-05 2.46894e-06 4.88013e-07 -2.68519e-05
0 0 2122 1.71959e-05 2.46894e-06 4.88013e-07 -2.68519e-05
0 0 2123 1.71959e-05 2.46894e-06 4.88013e-07 -2.68519e-05
0 0 2124 1.71959e-05 2.46894e-06 4.88013e-07 -2.68519e-05
0 0 2125 1.71959e-05 2.46894e-06 4.88013e-07 -2.68519e-05
0 0 2126 1.71959e-05 2.46894e-06 4.88013e-07 -2.68519e-05
0 0 2127 1.71959e-05 2.46894e-06 4.88013e-07 -2.68519e-05
0 0 2128 1.71959e-05 2.46894e-06 4.88013e-07 -2.68519e-05
0 0 2129 1.71959e-05 2.46894e-06 4.88013e-07 -2.68519e-05
0 0 2130 1.71959e-05 2.46894e-06 4.88013e-07 -2.68519e-05
0 0 2131 1.71959e-05 2.46894e-06 4.88013e-07 -2.68519e-05
0 0 2132 1.71959e-05 2.46894e-06 4.88013e-07 -2.68519e-05
0 0 2133 1.71959e-05 2.46894e-06 4.88013e-07 -2.68519e-05
0 0 2134 1.71959e-05 2.46894e-06 4.88013e-07 -2.68519e-05
0 0 2135 1.71959e-05 2.46894e-06 4.88013e-07 -2.68519e-05
0 0 2136 1.71959e-05 2.46894e-06 4.88013e-07 -2.68519e-05
0 0 2137 1.71959e-05 2.46894e-06 4.88013e-07 -2.68519e-05
0 0 2138 1.71959e-05 2.46894e-06 4.88013e-07 -2.68519e-05
0 0 2139 1.71959e-05 2.46894e-06 4.88013e-07 -2.68519e-05
0 0 2140 1.71959e-05 2.46894e-06 4.88013e-07 -2.68519e-05
0 0 2141 1.71959e-05 2.46894e-06 4.88013e-07 -2.68519e-05
0 0 2142 1.71959e-05 2.46894e-06 4.88013e-07 -2.68519e-05
0 0 2143 1.71959e-05 2.46894e-06 4.88013e-07 -2.68519e-05
0 0 2144 1.71959e-05 2.46894e-06 4.88013e-07 -2.68519e-05
0 0 2145 1.71959e-05 2.46894e-06 4.88013e-07 -2.68519e-05
0 0 2146 1.71959e-05 2.46894e-06 4.88013e-07 -2.68519e-05
0 0 2147 1.71959e-05 2.46894e-06 4.88013e-07 -2.68519e-05
0 0 2148 1.71959e-05 2.46894e-06 4.88013e-07 -2.68519e-05
0 0 2149 1.71959e-05 2.46894e-06 4.88013e-07 -2.68519e-05
0 0 2150 1.71959e-05 2.46894e-06 4.88013e-07 -2.68519e-05
0 0 2151 1.71959e-05 2.46894e-06 4.88013e-07 -2.68519e-05
0 0 2152 1.71959e-05 2.46894e-06 4.88013e-07 -2.68519e-05
0 0 2153 1.71959e-05 2.46894e-06 4.88013e-07 -2.68519e-05
0 0 2154 1.71959e-05 2.46894e-06 4.88013e-07 -2.68519e-05
0 0 2155 1.71959e-05 2.46894e-06 4.88013e-07 -2.68519e-05
0 0 2156 1.71959e-05 2.46894e-06 4.88013e-07 -2.68519e-05
0 0 2157 1.71959e-05 2.46894e-06 4.88013e-07 -2.68519e-05
0 0 2158 1.71959e-05 2.46894e-06 4.88013e-07 -2.68519e-05
0 0 2159 1.71959e-05 2.46894e-06 4.88013e-07 -2.68519e-05
0 0 2160 1.71959e-05 2.46894e-06 4.88013e-07 -2.68519e-05
0 0 2161 1.71959e-05 2.46894e-06 4.88013e-07 -2.68519e-05
0 0 2162 1.71959e-05 2.46894e-06 4.88013e-07 -2.68519e-05
0 0 2163 1.71959e-05 2.46894e-06 4.88013e-07 -2.68519e-05
0 0 2164 1.71959e-05 2.46894e-06 4.88013e-07 -2.68519e-05
0 0 2165 1.71959e-05 2.46894e-06 4.88013e-07 -2.68519e-05
0 0 2166 1.71959e-05 2.46894e-06 4.88013e-07 -2.68519e-05
0 0 2167 1.71959e-05 2.46894e-06 4.88013e-07 -2.68519e-05
0 0 2168 1.71959e-05 2.46894e-06 4.88013e-07 -2.68519e-05
0 0 2169 1.71959e-05 2.46894e-06 4.88013e-07 -2.68519e-05
0 0 2170 1.71959e-05 2.46894e-06 4.88013e-07 -2.68519e-05
0 0 2171 1.71959e-05 2.46894e-06 4.88013e-07 -2.68519e-05
0 0 2172 1.71959e-05 2.46894e-06 4.88013e-07 -2.68519e-05
0 0 2173 1.71959e-05 2.46894e-06 4.88013e-07 -2.68519e-05
0 0 2174 1.71959e-05 2.46894e-06 4.88013e-07 -2.68519e-05
0 0 2175 1.71959e-05 2.46894e-06 4.88013e-07 -2.68519e-05
0 0 2176 1.71959e-05 2.46894e-06 4.88013e-07 -2.68519e-05
0 0 2177 1.71959e-05 2.46894e-06 4.88013e-07 -2.68519e-05
0 0 2178 1.71959e-05 2.46894e-06 4.88013e-07 -2.68519e-05
0 0 2179 1.71959e-05 2.46894e-06 4.88013e-07 -2.68519e-05
0 0 2180 1.71959e-05 2.46894e-06 4.88013e-07 -2.68519e-05
0 0 2181 1.71959e-05 2.46894e-06 4.88013e-07 -2.68519e-05
0 0 2182 1.71959e-05 2.46894e-06 4.88013e-07 -2.68519e-05
0 0 2183 1.71959e-05 2.46894e-06 4.88013e-07 -2.68519e-05
0 0 2184 1.71959e-05 2.46894e-06 4.88013e-07 -2.68519e-05
0 0 2185 1.71959e-05 2.46894e-06 4.88013e-07 -2.68519e-05
0 0 2186 1.71959e-05 2.46894e-06 4.88013e-07 -2.68519e-05
0 0 2187 1.71959e-05 2.46894e-06 4.88013e-07 -2.68519e-05
0 0 2188 1.71959e-05 2.46894e-06 4.88013e-07 -2.68519e-05
0 0 2189 1.71959e-05 2.46894e-06 4.88013e-07 -2.68519e-05
0 0 2190 1.71959e-05 2.46894e-06 4.88013e-07 -2.68519e-05
0 0 2191 1.71959e-05 2.46894e-06 4.88013e-07 -2.68519e-05
0 0 2192 1.71959e-05 2.46894e-06 4.88013e-07 -2.68519e-05
0 0 2193 1.71959e-05 2.46894e-06 4.88013e-07 -2.68519e-05
0 0 2194 1.71959e-05 2.46894e-06 4.88013e-07 -2.68519e-05
0 0 2195 1.71959e-05 2.46894e-06 4.88013e-07 -2.68519e-05
0 0 2196 1.71959e-05 2.46894e-06 4.88013e-07 -2.68519e-05
0 0 2197 1.71959e-05 2.46894e-06 4.88013e-07 -2.68519e-05
0 0 2198 1.71959e-05 2.46894e-06 4.88013e-07 -2.68519e-05
0 0 2199 1.71959e-05 2.46894e-06 4.88013e-07 -2.68519e-05
0 0 2200 1.71959e-05 2.46894e-06 4.88013e-07 -2.68519e-05
0 0 2201 1.71959e-05 2.46894e-06 4.88013e-07 -2.68519e-05
0 0 2202 1.71959e-05 2.46894e-06 4.88013e-07 -2.68519e-05
0 0 2203 1.71959e-05 2.46894e-06 4.88013e-07 -2.68519e-05
0 0 2204 1.71959e-05 2.46894e-06 4.88013e-07 -2.68519e-05
0 0 2205 1.71959e-05 2.46894e-06 4.88013e-07 -2.68519e-05
0 0 2206 1.71959e-05 2.46894e-06 4.88013e-07 -2.68519e-05
0 0 2207 1.71959e-05 2.46894e-06 4.88013e-07 -2.68519e-05
0 0 2208 1.71959e-05 2.46894e-06 4.88013e-07 -2.68519e-05
0 0 2209 1.71959e-05 2.46894e-06 4.88013e-07 -2.68519e-05
0 0 2210 1.71959e-05 2.46894e-06 4.88013e-07 -2.68519e-05
0 0 2211 1.71959e-05 2.46894e-06 4.88013e-07 -2.68519e-05
0 0 2212 1.71959e-05 2.46894e-06 4.88013e-07 -2.68519e-05
0 0 2213 1.71959e-05 2.46894e-06 4.88013e-07 -2.68519e-05
0 0 2214 1.71959e-05 2.46894e-06 4.88013e-07 -2.68519e-05
0 0 2215 1.71959e-05 2.46894e-06 4.88013e-07 -2.68519e-05
0 0 2216 1.71959e-05 2.46894e-06 4.88013e-07 -2.68519e-05
0 0 2217 1.71959e-05 2.46894e-06 4.88013e-07 -2.68519e-05
0 0 2218 1.71959e-05 2.46894e-06 4.88013e-07 -2.68519e-05
0 0 2219 1.71959e-05 2.46894e-06 4.88013e-07 -2.68519e-05
0 0 2220 1.71959e-05 2.46894e-06 4.88013e-07 -2.68519e-05
0 0 2221 1.71959e-05 2.46894e-06 4.88013e-07 -2.68519e-05
0 0 2222 1.71959e-05 2.46894e-06 4.88013e-07 -2.68519e-05
0 0 2223 1.71959e-05 2.46894e-06 4.88013e-07 -2.68519e-05
0 0 2224 1.71959e-05 2.46894e-06 4.88013e-07 -2.68519e-05
0 0 2225 1.71959e-05 2.46894e-06 4.88013e-07 -2.68519e-05
0 0 2226 1.71959e-05 2.46894e-06 4.88013e-07 -2.68519e-05
0 0 2227 1.71959e-05 2.46894e-06 4.88013e-07 -2.68519e-05
0 0 2228 1.71959e-05 2.46894e-06 4.88013e-07 -2.68519e-05
0 0 2229 1.71959e-05 2.46894e-06 4.88013e-07 -2.68519e-05
0 0 2230 1.71959e-05 2.46894e-06 4.88013e-07 -2.68519e-05
0 0 2231 1.71959e-05 2.46894e-06 4.88013e-07 -2.68519e-05
0 0 2232 1.71959e-05 2.46894e-06 4.88013e-07 -2.68519e-05
0 0 2233 1.71959e-05 2.46894e-06 4.88013e-07 -2.68519e-05
0 0 2234 1.71959e-05 2.46894e-06 4.88013e-07 -2.68519e-05
0 0 2235 1.71959e-05 2.46894e-06 4.88013e-07 -2.68519e-05
0 0 2236 1.71959e-05 2.46894e-06 4.88013e-07 -2.68519e-05
0 0 2237 1.71959e-05 2.46894e-06 4.88013e-07 -2.68519e-05
0 0 2238 1.71959e-05 2.46894e-06 4.88013e-07 -2.68519e-05
0 0 2239 1.71959e-05 2.46894e-06 4.88013e-07 -2.68519e-05
0 0 2240 1.71959e-05 2.46894e-06 4.88013e-07 -2.68519e-05
0 0 2241 1.71959e-05 2.46894e-06 4.88013e-07 -2.68519e-05
0 0 2242 1.71959e-05 2.46894e-06 4.88013e-07 -2.68519e-05
0 0 2243 1.71959e-05 2.46894e-06 4.88013e-07 -2.68519e-05
0 0 2244 1.71959e-05 2.46894e-06 4.88013e-07 -2.68519e-05
0 0 2245 1.71959e-05 2.46894e-06 4.88013e-07 -2.68519e-05
0 0 2246 1.71959e-05 2.46894e-06 4.88013e-07 -2.68519e-05
0 0 2247 1.71959e-05 2.46894e-06 4.88013e-07 -2.68519e-05
0 0 2248 1.71959e-05 2.46894e-06 4.88013e-07 -2.68519e-05
0 0 2249 1.71959e-05 2.46894e-06 4.88013e-07 -2.68519e-05
0 0 2250 1.71959e-05 2.46894e-06 4.88013e-07 -2.68519e-05
0 0 2251 1.71959e-05 2.46894e-06 4.88013e-07 -2.68519e-05
0 0 2252 1.71959e-05 2.46894e-06 4.88013e-07 -2.68519e-05
0 0 2253 1.71959e-05 2.46894e-06 4.88013e-07 -2.68519e-05
0 0 2254 1.71959e-05 2.46894e-06 4.88013e-07 -2.68519e-05
0 0 2255 1.71959e-05 2.46894e-06 4.88013e-07 -2.68519e-05
0 0 2256 1.71959e-05 2.46894e-06 4.88013e-07 -2.68519e-05
0 0 2257 1.71959e-05 2.46894e-06 4.88013e-07 -2.68519e-05
0 0 2258 1.71959e-05 2.46894e-06 4.88013e-07 -2.68519e-05
0 0 2259 1.71959e-05 2.46894e-06 4.88013e-07 -2.68519e-05
0 0 2260 1.71959e-05 2.46894e-06 4.88013e-07 -2.68519e-05
0 0 2261 1.71959e-05 2.46894e-06 4.88013e-07 -2.68519e-05
0 0 2262 1.71959e-05 2.46894e-06 4.88013e-07 -2.68519e-05
0 0 2263 1.71959e-05 2.46894e-06 4.88013e-07 -2.68519e-05
0 0 2264 1.71959e-05 2.46894e-06 4.88013e-07 -2.68519e-05
0 0 2265 1.71959e-05 2.46894e-06 4.88013e-07 -2.68519e-05
0 0 2266 1.71959e-05 2.46894e-06 4.88013e-07 -2.68519e-05
0 0 2267 1.71959e-05 2.46894e-06 4.88013e-07 -2.68519e-05
0 0 2268 1.71959e-05 2.46894e-06 4.88013e-07 -2.68519e-05
0 0 2269 1.71959e-05 2.46894e-06 4.88013e-07 -2.68519e-05
0 0 2270 1.71959e-05 2.46894e-06 4.88013e-07 -2.68519e-05
0 0 2271 1.71959e-05 2.46894e-06 4.88013e-07 -2.68519e-05
0 0 2272 1.71959e-05 2.46894e-06 4.88013e-07 -2.68519e-05
0 0 2273 1.71959e-05 2.46894e-06 4.88013e-07 -2.68519e-05
0 0 2274 1.71959e-05 2.46894e-06 4.88013e-07 -2.68519e-05
0 0 2275 1.71959e-05 2.46894e-06 4.88013e-07 -2.68519e-05
0 0 2276 1.71959e-05 2.46894e-06 4.88013e-07 -2.68519e-05
0 0 2277 1.71959e-05 2.46894e-06 4.88013e-07 -2.68519e-05
0 0 2278 1.71959e-05 2.46894e-06 4.88013e-07 -2.68519e-05
0 0 2279 1.71959e-05 2.46894e-06 4.88013e-07 -2.68519e-05
0 0 2280 1.71959e-05 2.46894e-06 4.88013e-07 -2.68519e-05
0 0 2281 1.71959e-05 2.46894e-06 4.88013e-07 -2.68519e-05
0 0 2282 1.71959e-05 2.46894e-06 4.88013e-07 -2.68519e-05
0 0 2283 1.71959e-05 2.46894e-06 4.88013e-07 -2.68519e-05
0 0 2284 1.71959e-05 2.46894e-06 4.88013e-07 -2.68519e-05
0 0 2285 1.71959e-05 2.46894e-06 4.88013e-07 -2.68519e-05
0 0 2286 1.71959e-05 2.46894e-06 4.88013e-07 -2.68519e-05
0 0 2287 1.71959e-05 2.46894e-06 4.88013e-07 -2.68519e-05
0 0 2288 1.71959e-05 2.46894e-06 4.88013e-07 -2.68519e-05
0 0 2289 1.71959e-05 2.46894e-06 4.88013e-07 -2.68519e-05
0 0 2290 1.71959e-05 2.46894e-06 4.88013e-07 -2.68519e-05
0 0 2291 1.71959e-05 2.46894e-06 4.88013e-07 -2.68519e-05
0 0 2292 1.71959e-05 2.46894e-06 4.88013e-07 -2.68519e-05
0 0 2293 1.71959e-05 2.46894e-06 4.88013e-07 -2.68519e-05
0 0 2294 1.71959e-05 2.46894e-06 4.88013e-07 -2.68519e-05
0 0 2295 1.71959e-05 2.46894e-06 4.88013e-07 -2.68519e-05
0 0 2296 1.71959e-05 2.46894e-06 4.88013e-07 -2.68519e-05
0 0 2297 1.71959e-05 2.46894e-06 4.88013e-07 -2.68519e-05
0 0 2298 1.71959e-05 2.46894e-06 4.88013e-07 -2.68519e-05
0 0 2299 1.71959e-05 2.46894e-06 4.88013e-07 -2.68519e-05
0 0 2300 1.71959e-05 2.46894e-06 4.88013e-07 -2.68519e-05
0 0 2301 1.71959e-05 2.46894e-06 4.88013e-07 -2.68519e-05
0 0 2302 1.71959e-05 2.46894e-06 4.88013e-07 -2.68519e-05
0 0 2303 1.71959e-05 2.46894e-06 4.88013e-07 -2.68519e-05
0 0 2304 1.71959e-05 2.46894e-06 4.88013e-07 -2.68519e-05
0 0 2305 1.71959e-05 2.46894e-06 4.88013e-07 -2.68519e-05
0 0 2306 1.71959e-05 2.46894e-06 4.88013e-07 -2.68519e-05
0 0 2307 1.71959e-05 2.46894e-06 4.88013e-07 -2.68519e-05
0 0 2308 1.71959e-05 2.46894e-06 4.88013e-07 -2.68519e-05
0 0 2309 1.71959e-05 2.46894e-06 4.88013e-07 -2.68519e-05
0 0 2310 1.71959e-05 2.46894e-06 4.88013e-07 -2.68519e-05
0 0 2311 1.71959e-05 2.46894e-06 4.88013e-07 -2.68519e-05
0 0 2312 1.71959e-05 2.46894e-06 4.88013e-07 -2.68519e-05
0 0 2313 1.71959e-05 2.46894e-06 4.88013e-07 -2.68519e-05
0 0 2314 1.71959e-05 2.46894e-06 4.88013e-07 -2.68519e-05
0 0 2315 1.71959e-05 2.46894e-06 4.88013e-07 -2.68519e-05
0 0 2316 1.71959e-05 2.46894e-06 4.88013e-07 -2.68519e-05
0 0 2317 1.71959e-05 2.46894e-06 4.88013e-07 -2.68519e-05
0 0 2318 1.71959e-05 2.46894e-06 4.88013e-07 -2.68519e-05
0 0 2319 1.71959e-05 2.46894e-06 4.88013e-07 -2.68519e-05
0 0 2320 1.71959e-05 2.46894e-06 4.88013e-07 -2.68519e-05
0 0 2321 1.71959e-05 2.46894e-06 4.88013e-07 -2.68519e-05
0 0 2322 1.71959e-05 2.46894e-06 4.88013e-07 -2.68519e-05
0 0 2323 1.71959e-05 2.46894e-06 4.88013e-07 -2.68519e-05
0 0 2324 1.71959e-05 2.46894e-06 4.88013e-07 -2.68519e-05
0 0 2325 1.71959e-05 2.46894e-06 4.88013e-07 -2.68519e-05
0 0 2326 1.71959e-05 2.46894e-06 4.88013e-07 -2.68519e-05
0 0 2327 1.71959e-05 2.46894e-06 4.88013e-07 -2.68519e-05
0 0 2328 1.71959e-05 2.46894e-06 4.88013e-07 -2.68519e-05
0 0 2329 1.71959e-05 2.46894e-06 4.88013e-07 -2.68519e-05
0 0 2330 1.71959e-05 2.46894e-06 4.88013e-07 -2.68519e-05
0 0 2331 1.71959e-05 2.46894e-06 4.88013e-07 -2.68519e-05
0 0 2332 1.71959e-05 2.46894e-06 4.88013e-07 -2.68519e-05
0 0 2333 1.71959e-05 2.46894e-06 4.88013e-07 -2.68519e-05
0 0 2334 1.71959e-05 2.46894e-06 4.88013e-07 -2.68519e-05
0 0 2335 1.71959e-05 2.46894e-06 4.88013e-07 -2.68519e-05
0 0 2336 1.71959e-05 2.46894e-06 4.88013e-07 -2.68519e-05
0 0 2337 1.71959e-05 2.46894e-06 4.88013e-07 -2.68519e-05
0 0 2338 1.71959e-05 2.46894e-06 4.88013e-07 -2.68519e-05
0 0 2339 1.71959e-05 2.46894e-06 4.88013e-07 -2.68519e-05
0 0 2340 1.71959e-05 2.46894e-06 4.88013e-07 -2.68519e-05
0 0 2341 1.71959e-05 2.46894e-06 4.88013e-07 -2.68519e-05
0 0 2342 1.71959e-05 2.46894e-06 4.88013e-07 -2.68519e-05
0 0 2343 1.71959e-05 2.46894e-06 4.88013e-07 -2.68519e-05
0 0 2344 1.71959e-05 2.46894e-06 4.88013e-07 -2.68519e-05
0 0 2345 1.71959e-05 2.46894e-06 4.88013e-07 -2.68519e-05
0 0 2346 1.71959e-05 2.46894e-06 4.88013e-07 -2.68519e-05
0 0 2347 1.71959e-05 2.46894e-06 4.88013e-07 -2.68519e-05
0 0 2348 1.71959e-05 2.46894e-06 4.88013e-07 -2.68519e-05
0 0 2349 1.71959e-05 2.46894e-06 4.88013e-07 -2.68519e-05
0 0 2350 1.71959e-05 2.46894e-06 4.88013e-07 -2.68519e-05
0 0 2351 1.71959e-05 2.46894e-06 4.88013e-07 -2.68519e-05
0 0 2352 1.71959e-05 2.46894e-06 4.88013e-07 -2.68519e-05
0 0 2353 1.71959e-05 2.46894e-06 4.88013e-07 -2.68519e-05
0 0 2354 1.71959e-05 2.46894e-06 4.88013e-07 -2.68519e-05
0 0 2355 1.71959e-05 2.46894e-06 4.88013e-07 -2.68519e-05
0 0 2356 1.71959e-05 2.46894e-06 4.88013e-07 -2.68519e-05
0 0 2357 1.71959e-05 2.46894e-06 4.88013e-07 -2.68519e-05
0 0 2358 1.71959e-05 2.46894e-06 4.88013e-07 -2.68519e-05
0 0 2359 1.71959e-05 2.46894e-06 4.88013e-07 -2.68519e-05
0 0 2360 1.71959e-05 2.46894e-06 4.88013e-07 -2.68519e-05
0 0 2361 1.71959e-05 2.46894e-06 4.88013e-07 -2.68519e-05
0 0 2362 1.71959e-05 2.46894e-06 4.88013e-07 -2.68519e-05
0 0 2363 1.71959e-05 2.46894e-06 4.88013e-07 -2.68519e-05
0 0 2364 1.71959e-05 2.46894e-06 4.88013e-07 -2.68519e-05
0 0 2365 1.71959e-05 2.46894e-06 4.88013e-07 -2.68519e-05
0 0 2366 1.71959e-05 2.46894e-06 4.88013e-07 -2.68519e-05
0 0 2367 1.71959e-05 2.46894e-06 4.88013e-07 -2.68519e-05
0 0 2368 1.71959e-05 2.46894e-06 4.88013e-07 -2.68519e-05
0 0 2369 1.71959e-05 2.46894e-06 4.88013e-07 -2.68519e-05
0 0 2370 1.71959e-05 2.46894e-06 4.88013e-07 -2.68519e-05
0 0 2371 1.71959e-05 2.46894e-06 4.88013e-07 -2.68519e-05
0 0 2372 1.71959e-05 2.46894e-06 4.88013e-07 -2.68519e-05
0 0 2373 1.71959e-05 2.46894e-06 4.88013e-07 -2.68519e-05
0 0 2374 1.71959e-05 2.46894e-06 4.88013e-07 -2.68519e-05
0 0 2375 1.71959e-05 2.46894e-06 4.88013e-07 -2.68519e-05
0 0 2376 1.71959e-05 2.46894e-06 4.88013e-07 -2.68519e-05
0 0 2377 1.71959e-05 2.46894e-06 4.88013e-07 -2.68519e-05
0 0 2378 1.71959e-05 2.46894e-06 4.88013e-07 -2.68519e-05
0 0 2379 1.71959e-05 2.46894e-06 4.88013e-07 -2.68519e-05
0 0 2380 1.71959e-05 2.46894e-06 4.88013e-07 -2.68519e-05
0 0 2381 1.71959e-05 2.46894e-06 4.88013e-07 -2.68519e-05
0 0 2382 1.71959e-05 2.46894e-06 4.88013e-07 -2.68519e-05
0 0 2383 1.71959e-05 2.46894e-06 4.88013e-07 -2.68519e-05
0 0 2384 1.71959e-05 2.46894e-06 4.88013e-07 -2.68519e-05
0 0 2385 1.71959e-05 2.46894e-06 4.88013e-07 -2.68519e-05
0 0 2386 1.71959e-05 2.46894e-06 4.88013e-07 -2.68519e-05
0 0 2387 1.71959e-05 2.46894e-06 4.88013e-07 -2.68519e-05
0 0 2388 1.71959e-05 2.46894e-06 4.88013e-07 -2.68519e-05
0 0 2389 1.71959e-05 2.46894e-06 4.88013e-07 -2.68519e-05
0 0 2390 1.71959e-05 2.46894e-06 4.88013e-07 -2.68519e-05
0 0 2391 1.71959e-05 2.46894e-06 4.88013e-07 -2.68519e-05
0 0 2392 1.71959e-05 2.46894e-06 4.88013e-07 -2.68519e-05
0 0 2393 1.71959e-05 2.46894e-06 4.88013e-07 -2.68519e-05
0 0 2394 1.71959e-05 2.46894e-06 4.88013e-07 -2.68519e-05
0 0 2395 1.71959e-05 2.46894e-06 4.88013e-07 -2.68519e-05
0 0 2396 1.71959e-05 2.46894e-06 4.88013e-07 -2.68519e-05
0 0 2397 1.71959e-05 2.46894e-06 4.88013e-07 -2.68519e-05
0 0 2398 1.71959e-05 2.46894e-06 4.88013e-07 -2.68519e-05
0 0 2399 1.71959e-05 2.46894e-06 4.88013e-07 -2.68519e-05
0 0 2400 1.71959e-05 2.46894e-06 4.88013e-07 -2.68519e-05
0 0 2401 1.71959e-05 2.46894e-06 4.88013e-07 -2.68519e-05
0 0 2402 1.71959e-05 2.46894e-06 4.88013e-07 -2.68519e-05
0 0 2403 1.71959e-05 2.46894e-06 4.88013e-07 -2.68519e-05
0 0 2404 1.71959e-05 2.46894e-06 4.88013e-07 -2.68519e-05
0 0 2405 1.71959e-05 2.46894e-06 4.88013e-07 -2.68519e-05
0 0 2406 1.71959e-05 2.46894e-06 4.88013e-07 -2.68519e-05
0 0 2407 1.71959e-05 2.46894e-06 4.88013e-07 -2.68519e-05
0 0 2408 1.71959e-05 2.46894e-06 4.88013e-07 -2.68519e-05
0 0 2409 1.71959e-05 2.46894e-06 4.88013e-07 -2.68519e-05
0 0 2410 1.71959e-05 2.46894e-06 4.88013e-07 -2.68519e-05
0 0 2411 1.71959e-05 2.46894e-06 4.88013e-07 -2.68519e-05
0 0 2412 1.71959e-05 2.46894e-06 4.88013e-07 -2.68519e-05
0 0 2413 1.71959e-05 2.46894e-06 4.88013e-07 -2.68519e-05
0 0 2414 1.71959e-05 2.46894e-06 4.88013e-07 -2.68519e-05
0 0 2415 1.71959e-05 2.46894e-06 4.88013e-07 -2.68519e-05
0 0 2416 1.71959e-05 2.46894e-06 4.88013e-07 -2.68519e-05
0 0 2417 1.71959e-05 2.46894e-06 4.88013e-07 -2.68519e-05
0 0 2418 1.71959e-05 2.46894e-06 4.88013e-07 -2.68519e-05
0 0 2419 1.71959e-05 2.46894e-06 4.88013e-07 -2.68519e-05
0 0 2420 1.71959e-05 2.46894e-06 4.88013e-07 -2.68519e-05
0 0 2421 1.71959e-05 2.46894e-06 4.88013e-07 -2.68519e-05
0 0 2422 1.71959e-05 2.46894e-06 4.88013e-07 -2.68519e-05
0 0 2423 1.71959e-05 2.46894e-06 4.88013e-07 -2.68519e-05
0 0 2424 1.71959e-05 2.46894e-06 4.88013e-07 -2.68519e-05
0 0 2425 1.71959e-05 2.46894e-06 4.88013e-07 -2.68519e-05
0 0 2426 1.71959e-05 2.46894e-06 4.88013e-07 -2.68519e-05
0 0 2427 1.71959e-05 2.46894e-06 4.88013e-07 -2.68519e-05
0 0 2428 1.71959e-05 2.46894e-06 4.88013e-07 -2.68519e-05
0 0 2429 1.71959e-05 2.46894e-06 4.88013e-07 -2.68519e-05
0 0 2430 1.71959e-05 2.46894e-06 4.88013e-07 -2.68519e-05
0 0 2431 1.71959e-05 2.46894e-06 4.88013e-07 -2.68519e-05
0 0 2432 1.71959e-05 2.46894e-06 4.88013e-07 -2.68519e-05
0 0 2433 1.71959e-05 2.46894e-06 4.88013e-07 -2.68519e-05
0 0 2434 1.71959e-05 2.46894e-06 4.88013e-07 -2.68519e-05
0 0 2435 1.71959e-05 2.46894e-06 4.88013e-07 -2.68519e-05
0 0 2436 1.71959e-05 2.46894e-06 4.88013e-07 -2.68519e-05
0 0 2437 1.71959e-05 2.46894e-06 4.88013e-07 -2.68519e-05
0 0 2438 1.71959e-05 2.46894e-06 4.88013e-07 -2.68519e-05
0 0 2439 1.71959e-05 2.46894e-06 4.88013e-07 -2.68519e-05
0 0 2440 1.71959e-05 2.46894e-06 4.88013e-07 -2.68519e-05
0 0 2441 1.71959e-05 2.46894e-06 4.88013e-07 -2.68519e-05
0 0 2442 1.71959e-05 2.46894e-06 4.88013e-07 -2.68519e-05
0 0 2443 1.71959e-05 2.46894e-06 4.88013e-07 -2.68519e-05
0 0 2444 1.71959e-05 2.46894e-06 4.88013e-07 -2.68519e-05
0 0 2445 1.71959e-05 2.46894e-06 4.88013e-07 -2.68519e-05
0 0 2446 1.71959e-05 2.46894e-06 4.88013e-07 -2.68519e-05
0 0 2447 1.71959e-05 2.46894e-06 4.88013e-07 -2.68519e-05
0 0 2448 1.71959e-05 2.46894e-06 4.88013e-07 -2.68519e-05
0 0 2449 1.71959e-05 2.46894e-06 4.88013e-07 -2.68519e-05
0 0 2450 1.71959e-05 2.46894e-06 4.88013e-07 -2.68519e-05
0 0 2451 1.71959e-05 2.46894e-06 4.88013e-07 -2.68519e-05
0 0 2452 1.71959e-05 2.46894e-06 4.88013e-07 -2.68519e-05
0 0 2453 1.71959e-05 2.46894e-06 4.88013e-07 -2.68519e-05
0 0 2454 1.71959e-05 2.46894e-06 4.88013e-07 -2.68519e-05
0 0 2455 1.71959e-05 2.46894e-06 4.88013e-07 -2.68519e-05
0 0 2456 1.71959e-05 2.46894e-06 4.88013e-07 -2.68519e-05
0 0 2457 1.71959e-05 2.46894e-06 4.88013e-07 -2.68519e-05
0 0 2458 1.71959e-05 2.46894e-06 4.88013e-07 -2.68519e-05
0 0 2459 1.71959e-05 2.46894e-06 4.88013e-07 -2.68519e-05
0 0 2460 1.71959e-05 2.46894e-06 4.88013e-07 -2.68519e-05
0 0 2461 1.71959e-05 2.46894e-06 4.88013e-07 -2.68519e-05
0 0 2462 1.71959e-05 2.46894e-06 4.88013e-07 -2.68519e-05
0 0 2463 1.71959e-05 2.46894e-06 4.88013e-07 -2.68519e-05
0 0 2464 1.71959e-05 2.46894e-06 4.88013e-07 -2.68519e-05
0 0 2465 1.71959e-05 2.46894e-06 4.88013e-07 -2.68519e-05
0 0 2466 1.71959e-05 2.46894e-06 4.88013e-07 -2.68519e-05
0 0 2467 1.71959e-05 2.46894e-06 4.88013e-07 -2.68519e-05
0 0 2468 1.71959e-05 2.46894e-06 4.88013e-07 -2.68519e-05
0 0 2469 1.71959e-05 2.46894e-06 4.88013e-07 -2.68519e-05
0 0 2470 1.71959e-05 2.46894e-06 4.88013e-07 -2.68519e-05
0 0 2471 1.71959e-05 2.46894e-06 4.88013e-07 -2.68519e-05
0 0 2472 1.71959e-05 2.46894e-06 4.88013e-07 -2.68519e-05
0 0 2473 1.71959e-05 2.46894e-06 4.88013e-07 -2.68519e-05
0 0 2474 1.71959e-05 2.46894e-06 4.88013e-07 -2.68519e-05
0 0 2475 1.71959e-05 2.46894e-06 4.88013e-07 -2.68519e-05
0 0 2476 1.71959e-05 2.46894e-06 4.88013e-07 -2.68519e-05
0 0 2477 1.71959e-05 2.46894e-06 4.88013e-07 -2.68519e-05
0 0 2478 1.71959e-05 2.46894e-06 4.88013e-07 -2.68519e-05
0 0 2479 1.71959e-05 2.46894e-06 4.88013e-07 -2.68519e-05
0 0 2480 1.71959e-05 2.46894e-06 4.88013e-07 -2.68519e-05
0 0 2481 1.71959e-05 2.46894e-06 4.88013e-07 -2.68519e-05
0 0 2482 1.71959e-05 2.46894e-06 4.88013e-07 -2.68519e-05
0 0 2483 1.71959e-05 2.46894e-06 4.88013e-07 -2.68519e-05
0 0 2484 1.71959e-05 2.46894e-06 4.88013e-07 -2.68519e-05
0 0 2485 1.71959e-05 2.46894e-06 4.88013e-07 -2.68519e-05
0 0 2486 1.71959e-05 2.46894e-06 4.88013e-07 -2.68519e-05
0 0 2487 1.71959e-05 2.46894e-06 4.88013e-07 -2.68519e-05
0 0 2488 1.71959e-05 2.46894e-06 4.88013e-07 -2.68519e-05
0 0 2489 1.71959e-05 2.46894e-06 4.88013e-07 -2.68519e-05
0 0 2490 1.71959e-05 2.46894e-06 4.88013e-07 -2.68519e-05
0 0 2491 1.71959e-05 2.46894e-06 4.88013e-07 -2.68519e-05
0 0 2492 1.71959e-05 2.46894e-06 4.88013e-07 -2.68519e-05
0 0 2493 1.71959e-05 2.46894e-06 4.88013e-07 -2.68519e-05
0 0 2494 1.71959e-05 2.46894e-06 4.88013e-07 -2.68519e-05
0 0 2495 1.71959e-05 2.46894e-06 4.88013e-07 -2.68519e-05
0 0 2496 1.71959e-05 2.46894e-06 4.88013e-07 -2.68519e-05
0 0 2497 1.71959e-05 2.46894e-06 4.88013e-07 -2.68519e-05
0 0 2498 1.71959e-05 2.46894e-06 4.88013e-07 -2.68519e-05
0 0 2499 1.71959e-05 2.46894e-06 4.88013e-07 -2.68519e-05
0 0 2500 1.71959e-05 2.46894e-06 4.88013e-07 -2.68519e-05
0 0 2501 1.71959e-05 2.46894e-06 4.88013e-07 -2.68519e-05
0 0 2502 1.71959e-05 2.46894e-06 4.88013e-07 -2.68519e-05
0 0 2503 1.71959e-05 2.46894e-06 4.88013e-07 -2.68519e-05
0 0 2504 1.71959e-05 2.46894e-06 4.88013e-07 -2.68519e-05
0 0 2505 1.71959e-05 2.46894e-06 4.88013e-07 -2.68519e-05
0 0 2506 1.71959e-05 2.46894e-06 4.88013e-07 -2.68519e-05
0 0 2507 1.71959e-05 2.46894e-06 4.88013e-07 -2.68519e-05
0 0 2508 1.71959e-05 2.46894e-06 4.88013e-07 -2.68519e-05
0 0 2509 1.71959e-05 2.46894e-06 4.88013e-07 -2.68519e-05
0 0 2510 1.71959e-05 2.46894e-06 4.88013e-07 -2.68519e-05
0 0 2511 1.71959e-05 2.46894e-06 4.88013e-07 -2.68519e-05
0 0 2512 1.71959e-05 2.46894e-06 4.88013e-07 -2.68519e-05
0 0 2513 1.71959e-05 2.46894e-06 4.88013e-07 -2.68519e-05
0 0 2514 1.71959e-05 2.46894e-06 4.88013e-07 -2.68519e-05
0 0 2515 1.71959e-05 2.46894e-06 4.88013e-07 -2.68519e-05
0 0 2516 1.71959e-05 2.46894e-06 4.88013e-07 -2.68519e-05
0 0 2517 1.71959e-05 2.46894e-06 4.88013e-07 -2.68519e-05
0 0 2518 1.71959e-05 2.46894e-06 4.88013e-07 -2.68519e-05
0 0 2519 1.71959e-05 2.46894e-06 4.88013e-07 -2.68519e-05
0 0 2520 1.71959e-05 2.46894e-06 4.88013e-07 -2.68519e-05
0 0 2521 1.71959e-05 2.46894e-06 4.88013e-07 -2.68519e-05
0 0 2522 1.71959e-05 2.46894e-06 4.88013e-07 -2.68519e-05
0 0 2523 1.71959e-05 2.46894e-06 4.88013e-07 -2.68519e-05
0 0 2524 1.71959e-05 2.46894e-06 4.88013e-07 -2.68519e-05
0 0 2525 1.71959e-05 2.46894e-06 4.88013e-07 -2.68519e-05
0 0 2526 1.71959e-05 2.46894e-06 4.88013e-07 -2.68519e-05
0 0 2527 1.71959e-05 2.46894e-06 4.88013e-07 -2.68519e-05
0 0 2528 1.71959e-05 2.46894e-06 4.88013e-07 -2.68519e-05
0 0 2529 1.71959e-05 2.46894e-06 4.88013e-07 -2.68519e-05
0 0 2530 1.71959e-05 2.46894e-06 4.88013e-07 -2.68519e-05
0 0 2531 1.71959e-05 2.46894e-06 4.88013e-07 -2.68519e-05
0 0 2532 1.71959e-05 2.46894e-06 4.88013e-07 -2.68519e-05
0 0 2533 1.71959e-05 2.46894e-06 4.88013e-07 -2.68519e-05
0 0 2534 1.71959e-05 2.46894e-06 4.88013e-07 -2.68519e-05
0 0 2535 1.71959e-05 2.46894e-06 4.88013e-07 -2.68519e-05
0 0 2536 1.71959e-05 2.46894e-06 4.88013e-07 -2.68519e-05
0 0 2537 1.71959e-05 2.46894e-06 4.88013e-07 -2.68519e-05
0 0 2538 1.71959e-05 2.46894e-06 4.88013e-07 -2.68519e-05
0 0 2539 1.71959e-05 2.46894e-06 4.88013e-07 -2.68519e-05
0 0 2540 1.71959e-05 2.46894e-06 4.88013e-07 -2.68519e-05
0 0 2541 1.71959e-05 2.46894e-06 4.88013e-07 -2.68519e-05
0 0 2542 1.71959e-05 2.46894e-06 4.88013e-07 -2.68519e-05
0 0 2543 1.71959e-05 2.46894e-06 4.88013e-07 -2.68519e-05
0 0 2544 1.71959e-05 2.46894e-06 4.88013e-07 -2.68519e-05
0 0 2545 1.71959e-05 2.46894e-06 4.88013e-07 -2.68519e-05
0 0 2546 1.71959e-05 2.46894e-06 4.88013e-07 -2.68519e-05
0 0 2547 1.71959e-05 2.46894e-06 4.88013e-07 -2.68519e-05
0 0 2548 1.71959e-05 2.46894e-06 4.88013e-07 -2.68519e-05
0 0 2549 1.71959e-05 2.46894e-06 4.88013e-07 -2.68519e-05
0 0 2550 1.71959e-05 2.46894e-06 4.88013e-07 -2.68519e-05
0 0 2551 1.71959e-05 2.46894e-06 4.88013e-07 -2.68519e-05
0 0 2552 1.71959e-05 2.46894e-06 4.88013e-07 -2.68519e-05
0 0 2553 1.71959e-05 2.46894e-06 4.88013e-07 -2.68519e-05
0 0 2554 1.71959e-05 2.46894e-06 4.88013e-07 -2.68519e-05
0 0 2555 1.71959e-05 2.46894e-06 4.88013e-07 -2.68519e-05
0 0 2556 1.71959e-05 2.46894e-06 4.88013e-07 -2.68519e-05
0 0 2557 1.71959e-05 2.46894e-06 4.88013e-07 -2.68519e-05
0 0 2558 1.71959e-05 2.46894e-06 4.88013e-07 -2.68519e-05
0 0 2559 1.71959e-05 2.46894e-06 4.88013e-07 -2.68519e-05
0 0 2560 1.71959e-05 2.46894e-06 4.88013e-07 -2.68519e-05
0 0 2561 1.71959e-05 2.46894e-06 4.88013e-07 -2.68519e-05
0 0 2562 1.71959e-05 2.46894e-06 4.88013e-07 -2.68519e-05
0 0 2563 1.71959e-05 2.46894e-06 4.88013e-07 -2.68519e-05
0 0 2564 1.71959e-05 2.46894e-06 4.88013e-07 -2.68519e-05
0 0 2565 1.71959e-05 2.46894e-06 4.88013e-07 -2.68519e-05
0 0 2566 1.71959e-05 2.46894e-06 4.88013e-07 -2.68519e-05
0 0 2567 1.71959e-05 2.46894e-06 4.88013e-07 -2.68519e-05
0 0 2568 1.71959e-05 2.46894e-06 4.88013e-07 -2.68519e-05
0 0 2569 1.71959e-05 2.46894e-06 4.88013e-07 -2.68519e-05
0 0 2570 1.71959e-05 2.46894e-06 4.88013e-07 -2.68519e-05
0 0 2571 1.71959e-05 2.46894e-06 4.88013e-07 -2.68519e-05
0 0 2572 1.71959e-05 2.46894e-06 4.88013e-07 -2.68519e-05
0 0 2573 1.71959e-05 2.46894e-06 4.88013e-07 -2.68519e-05
0 0 2574 1.71959e-05 2.46894e-06 4.88013e-07 -2.68519e-05
0 0 2575 1.71959e-05 2.46894e-06 4.88013e-07 -2.68519e-05
0 0 2576 1.71959e-05 2.46894e-06 4.88013e-07 -2.68519e-05
0 0 2577 1.71959e-05 2.46894e-06 4.88013e-07 -2.68519e-05
0 0 2578 1.71959e-05 2.46894e-06 4.88013e-07 -2.68519e-05
0 0 2579 1.71959e-05 2.46894e-06 4.88013e-07 -2.68519e-05
0 0 2580 1.71959e-05 2.46894e-06 4.88013e-07 -2.68519e-05
0 0 2581 1.71959e-05 2.46894e-06 4.88013e-07 -2.68519e-05
0 0 2582 1.71959e-05 2.46894e-06 4.88013e-07 -2.68519e-05
0 0 2583 1.71959e-05 2.46894e-06 4.88013e-07 -2.68519e-05
0 0 2584 1.71959e-05 2.46894e-06 4.88013e-07 -2.68519e-05
0 0 2585 1.71959e-05 2.46894e-06 4.88013e-07 -2.68519e-05
0 0 2586 1.71959e-05 2.46894e-06 4.88013e-07 -2.68519e-05
0 0 2587 1.71959e-05 2.46894e-06 4.88013e-07 -2.68519e-05
0 0 2588 1.71959e-05 2.46894e-06 4.88013e-07 -2.68519e-05
0 0 2589 1.71959e-05 2.46894e-06 4.88013e-07 -2.68519e-05
0 0 2590 1.71959e-05 2.46894e-06 4.88013e-07 -2.68519e-05
0 0 2591 1.71959e-05 2.46894e-06 4.88013e-07 -2.68519e-05
0 0 2592 1.71959e-05 2.46894e-06 4.88013e-07 -2.68519e-05
0 0 2593 1.71959e-05 2.46894e-06 4.88013e-07 -2.68519e-05
0 0 2594 1.71959e-05 2.46894e-06 4.88013e-07 -2.68519e-05
0 0 2595 1.71959e-05 2.46894e-06 4.88013e-07 -2.68519e-05
0 0 2596 1.71959e-05 2.46894e-06 4.88013e-07 -2.68519e-05
0 0 2597 1.71959e-05 2.46894e-06 4.88013e-07 -2.68519e-05
0 0 2598 1.71959e-05 2.46894e-06 4.88013e-07 -2.68519e-05
0 0 2599 1.71959e-05 2.46894e-06 4.88013e-07 -2.68519e-05
0 0 2600 1.71959e-05 2.46894e-06 4.88013e-07 -2.68519e-05
0 0 2601 1.71959e-05 2.46894e-06 4.88013e-07 -2.68519e-05
0 0 2602 1.71959e-05 2.46894e-06 4.88013e-07 -2.68519e-05
0 0 2603 1.71959e-05 2.46894e-06 4.88013e-07 -2.68519e-05
0 0 2604 1.71959e-05 2.46894e-06 4.88013e-07 -2.68519e-05
0 0 2605 1.71959e-05 2.46894e-06 4.88013e-07 -2.68519e-05
0 0 2606 1.71959e-05 2.46894e-06 4.88013e-07 -2.68519e-05
0 0 2607 1.71959e-05 2.46894e-06 4.88013e-07 -2.68519e-05
0 0 2608 1.71959e-05 2.46894e-06 4.88013e-07 -2.68519e-05
0 0 2609 1.71959e-05 2.46894e-06 4.88013e-07 -2.68519e-05
0 0 2610 1.71959e-05 2.46894e-06 4.88013e-07 -2.68519e-05
0 0 2611 1.71959e-05 2.46894e-06 4.88013e-07 -2.68519e-05
0 0 2612 1.71959e-05 2.46894e-06 4.88013e-07 -2.68519e-05
0 0 2613 1.71959e-05 2.46894e-06 4.88013e-07 -2.68519e-05
0 0 2614 1.71959e-05 2.46894e-06 4.88013e-07 -2.68519e-05
0 0 2615 1.71959e-05 2.46894e-06 4.88013e-07 -2.68519e-05
0 0 2616 1.71959e-05 2.46894e-06 4.88013e-07 -2.68519e-05
0 0 2617 1.71959e-05 2.46894e-06 4.88013e-07 -2.68519e-05
0 0 2618 1.71959e-05 2.46894e-06 4.88013e-07 -2.68519e-05
0 0 2619 1.71959e-05 2.46894e-06 4.88013e-07 -2.68519e-05
0 0 2620 1.71959e-05 2.46894e-06 4.88013e-07 -2.68519e-05
0 0 2621 1.71959e-05 2.46894e-06 4.88013e-07 -2.68519e-05
0 0 2622 1.71959e-05 2.46894e-06 4.88013e-07 -2.68519e-05
0 0 2623 1.71959e-05 2.46894e-06 4.88013e-07 -2.68519e-05
0 0 2624 1.71959e-05 2.46894e-06 4.88013e-07 -2.68519e-05
0 0 2625 1.71959e-05 2.46894e-06 4.88013e-07 -2.68519e-05
0 0 2626 1.71959e-05 2.46894e-06 4.88013e-07 -2.68519e-05
0 0 2627 1.71959e-05 2.46894e-06 4.88013e-07 -2.68519e-05
0 0 2628 1.71959e-05 2.46894e-06 4.88013e-07 -2.68519e-05
0 0 2629 1.71959e-05 2.46894e-06 4.88013e-07 -2.68519e-05
0 0 2630 1.71959e-05 2.46894e-06 4.88013e-07 -2.68519e-05
0 0 2631 1.71959e-05 2.46894e-06 4.88013e-07 -2.68519e-05
0 0 2632 1.71959e-05 2.46894e-06 4.88013e-07 -2.68519e-05
0 0 2633 1.71959e-05 2.46894e-06 4.88013e-07 -2.68519e-05
0 0 2634 1.71959e-05 2.46894e-06 4.88013e-07 -2.68519e-05
0 0 2635 1.71959e-05 2.46894e-06 4.88013e-07 -2.68519e-05
0 0 2636 1.71959e-05 2.46894e-06 4.88013e-07 -2.68519e-05
0 0 2637 1.71959e-05 2.46894e-06 4.88013e-07 -2.68519e-05
0 0 2638 1.71959e-05 2.46894e-06 4.88013e-07 -2.68519e-05
0 0 2639 1.71959e-05 2.46894e-06 4.88013e-07 -2.68519e-05
0 0 2640 1.71959e-05 2.46894e-06 4.88013e-07 -2.68519e-05
0 0 2641 1.71959e-05 2.46894e-06 4.88013e-07 -2.68519e-05
0 0 2642 1.71959e-05 2.46894e-06 4.88013e-07 -2.68519e-05
0 0 2643 1.71959e-05 2.46894e-06 4.88013e-07 -2.68519e-05
0 0 2644 1.71959e-05 2.46894e-06 4.88013e-07 -2.68519e-05
0 0 2645 1.71959e-05 2.46894e-06 4.88013e-07 -2.68519e-05
0 0 2646 1.71959e-05 2.46894e-06 4.88013e-07 -2.68519e-05
0 0 2647 1.71959e-05 2.46894e-06 4.88013e-07 -2.68519e-05
0 0 2648 1.71959e-05 2.46894e-06 4.88013e-07 -2.68519e-05
0 0 2649 1.71959e-05 2.46894e-06 4.88013e-07 -2.68519e-05
0 0 2650 1.71959e-05 2.46894e-06 4.88013e-07 -2.68519e-05
0 0 2651 1.71959e-05 2.46894e-06 4.88013e-07 -2.68519e-05
0 0 2652 1.71959e-05 2.46894e-06 4.88013e-07 -2.68519e-05
0 0 2653 1.71959e-05 2.46894e-06 4.88013e-07 -2.68519e-05
0 0 2654 1.71959e-05 2.46894e-06 4.88013e-07 -2.68519e-05
0 0 2655 1.71959e-05 2.46894e-06 4.88013e-07 -2.68519e-05
0 0 2656 1.71959e-05 2.46894e-06 4.88013e-07 -2.68519e-05
0 0 2657 1.71959e-05 2.46894e-06 4.88013e-07 -2.68519e-05
0 0 2658 1.71959e-05 2.46894e-06 4.88013e-07 -2.68519e-05
0 0 2659 1.71959e-05 2.46894e-06 4.88013e-07 -2.68519e-05
0 0 2660 1.71959e-05 2.46894e-06 4.88013e-07 -2.68519e-05
0 0 2661 1.71959e-05 2.46894e-06 4.88013e-07 -2.68519e-05
0 0 2662 1.71959e-05 2.46894e-06 4.88013e-07 -2.68519e-05
0 0 2663 1.71959e-05 2.46894e-06 4.88013e-07 -2.68519e-05
0 0 2664 1.71959e-05 2.46894e-06 4.88013e-07 -2.68519e-05
0 0 2665 1.71959e-05 2.46894e-06 4.88013e-07 -2.68519e-05
0 0 2666 1.71959e-05 2.46894e-06 4.88013e-07 -2.68519e-05
0 0 2667 1.71959e-05 2.46894e-06 4.88013e-07 -2.68519e-05
0 0 2668 1.71959e-05 2.46894e-06 4.88013e-07 -2.68519e-05
0 0 2669 1.71959e-05 2.46894e-06 4.88013e-07 -2.68519e-05
0 0 2670 1.71959e-05 2.46894e-06 4.88013e-07 -2.68519e-05
0 0 2671 1.71959e-05 2.46894e-06 4.88013e-07 -2.68519e-05
0 0 2672 1.71959e-05 2.46894e-06 4.88013e-07 -2.68519e-05
0 0 2673 1.71959e-05 2.46894e-06 4.88013e-07 -2.68519e-05
0 0 2674 1.71959e-05 2.46894e-06 4.88013e-07 -2.68519e-05
0 0 2675 1.71959e-05 2.46894e-06 4.88013e-07 -2.68519e-05
0 0 2676 1.71959e-05 2.46894e-06 4.88013e-07 -2.68519e-05
0 0 2677 1.71959e-05 2.46894e-06 4.88013e-07 -2.68519e-05
0 0 2678 1.71959e-05 2.46894e-06 4.88013e-07 -2.68519e-05
0 0 2679 1.71959e-05 2.46894e-06 4.88013e-07 -2.68519e-05
0 0 2680 1.71959e-05 2.46894e-06 4.88013e-07 -2.68519e-05
0 0 2681 1.71959e-05 2.46894e-06 4.88013e-07 -2.68519e-05
0 0 2682 1.71959e-05 2.46894e-06 4.88013e-07 -2.68519e-05
0 0 2683 1.71959e-05 2.46894e-06 4.88013e-07 -2.68519e-05
0 0 2684 1.71959e-05 2.46894e-06 4.88013e-07 -2.68519e-05
0 0 2685 1.71959e-05 2.46894e-06 4.88013e-07 -2.68519e-05
0 0 2686 1.71959e-05 2.46894e-06 4.88013e-07 -2.68519e-05
0 0 2687 1.71959e-05 2.46894e-06 4.88013e-07 -2.68519e-05
0 0 2688 1.71959e-05 2.46894e-06 4.88013e-07 -2.68519e-05
0 0 2689 1.71959e-05 2.46894e-06 4.88013e-07 -2.68519e-05
0 0 2690 1.71959e-05 2.46894e-06 4.88013e-07 -2.68519e-05
0 0 2691 1.71959e-05 2.46894e-06 4.88013e-07 -2.68519e-05
0 0 2692 1.71959e-05 2.46894e-06 4.88013e-07 -2.68519e-05
0 0 2693 1.71959e-05 2.46894e-06 4.88013e-07 -2.68519e-05
0 0 2694 1.71959e-05 2.46894e-06 4.88013e-07 -2.68519e-05
0 0 2695 1.71959e-05 2.46894e-06 4.88013e-07 -2.68519e-05
0 0 2696 1.71959e-05 2.46894e-06 4.88013e-07 -2.68519e-05
0 0 2697 1.71959e-05 2.46894e-06 4.88013e-07 -2.68519e-05
0 0 2698 1.71959e-05 2.46894e-06 4.88013e-07 -2.68519e-05
0 0 2699 1.71959e-05 2.46894e-06 4.88013e-07 -2.68519e-05
0 0 2700 1.71959e-05 2.46894e-06 4.88013e-07 -2.68519e-05
0 0 2701 1.71959e-05 2.46894e-06 4.88013e-07 -2.68519e-05
0 0 2702 1.71959e-05 2.46894e-06 4.88013e-07 -2.68519e-05
0 0 2703 1.71959e-05 2.46894e-06 4.88013e-07 -2.68519e-05
0 0 2704 1.71959e-05 2.46894e-06 4.88013e-07 -2.68519e-05
0 0 2705 1.71959e-05 2.46894e-06 4.88013e-07 -2.68519e-05
0 0 2706 1.71959e-05 2.46894e-06 4.88013e-07 -2.68519e-05
0 0 2707 1.71959e-05 2.46894e-06 4.88013e-07 -2.68519e-05
0 0 2708 1.71959e-05 2.46894e-06 4.88013e-07 -2.68519e-05
0 0 2709 1.71959e-05 2.46894e-06 4.88013e-07 -2.68519e-05
0 0 2710 1.71959e-05 2.46894e-06 4.88013e-07 -2.68519e-05
0 0 2711 1.71959e-05 2.46894e-06 4.88013e-07 -2.68519e-05
0 0 2712 1.71959e-05 2.46894e-06 4.88013e-07 -2.68519e-05
0 0 2713 1.71959e-05 2.46894e-06 4.88013e-07 -2.68519e-05
0 0 2714 1.71959e-05 2.46894e-06 4.88013e-07 -2.68519e-05
0 0 2715 1.71959e-05 2.46894e-06 4.88013e-07 -2.68519e-05
0 0 2716 1.71959e-05 2.46894e-06 4.88013e-07 -2.68519e-05
0 0 2717 1.71959e-05 2.46894e-06 4.88013e-07 -2.68519e-05
0 0 2718 1.71959e-05 2.46894e-06 4.88013e-07 -2.68519e-05
0 0 2719 1.71959e-05 2.46894e-06 4.88013e-07 -2.68519e-05
0 0 2720 1.71959e-05 2.46894e-06 4.88013e-07 -2.68519e-05
0 0 2721 1.71959e-05 2.46894e-06 4.88013e-07 -2.68519e-05
0 0 2722 1.71959e-05 2.46894e-06 4.88013e-07 -2.68519e-05
0 0 2723 1.71959e-05 2.46894e-06 4.88013e-07 -2.68519e-05
0 0 2724 1.71959e-05 2.46894e-06 4.88013e-07 -2.68519e-05
0 0 2725 1.71959e-05 2.46894e-06 4.88013e-07 -2.68519e-05
0 0 2726 1.71959e-05 2.46894e-06 4.88013e-07 -2.68519e-05
0 0 2727 1.71959e-05 2.46894e-06 4.88013e-07 -2.68519e-05
0 0 2728 1.71959e-05 2.46894e-06 4.88013e-07 -2.68519e-05
0 0 2729 1.71959e-05 2.46894e-06 4.88013e-07 -2.68519e-05
0 0 2730 1.71959e-05 2.46894e-06 4.88013e-07 -2.68519e-05
0 0 2731 1.71959e-05 2.46894e-06 4.88013e-07 -2.68519e-05
0 0 2732 1.71959e-05 2.46894e-06 4.88013e-07 -2.68519e-05
0 0 2733 1.71959e-05 2.46894e-06 4.88013e-07 -2.68519e-05
0 0 2734 1.71959e-05 2.46894e-06 4.88013e-07 -2.68519e-05
0 0 2735 1.71959e-05 2.46894e-06 4.88013e-07 -2.68519e-05
0 0 2736 1.71959e-05 2.46894e-06 4.88013e-07 -2.68519e-05
0 0 2737 1.71959e-05 2.46894e-06 4.88013e-07 -2.68519e-05
0 0 2738 1.71959e-05 2.46894e-06 4.88013e-07 -2.68519e-05
0 0 2739 1.71959e-05 2.46894e-06 4.88013e-07 -2.68519e-05
0 0 2740 1.71959e-05 2.46894e-06 4.88013e-07 -2.68519e-05
0 0 2741 1.71959e-05 2.46894e-06 4.88013e-07 -2.68519e-05
0 0 2742 1.71959e-05 2.46894e-06 4.88013e-07 -2.68519e-05
0 0 2743 1.71959e-05 2.46894e-06 4.88013e-07 -2.68519e-05
0 0 2744 1.71959e-05 2.46894e-06 4.88013e-07 -2.68519e-05
0 0 2745 1.71959e-05 2.46894e-06 4.88013e-07 -2.68519e-05
0 0 2746 1.71959e-05 2.46894e-06 4.88013e-07 -2.68519e-05
0 0 2747 1.71959e-05 2.46894e-06 4.88013e-07 -2.68519e-05
0 0 2748 1.71959e-05 2.46894e-06 4.88013e-07 -2.68519e-05
0 0 2749 1.71959e-05 2.46894e-06 4.88013e-07 -2.68519e-05
0 0 2750 1.71959e-05 2.46894e-06 4.88013e-07 -2.68519e-05
0 0 2751 1.71959e-05 2.46894e-06 4.88013e-07 -2.68519e-05
0 0 2752 1.71959e-05 2.46894e-06 4.88013e-07 -2.68519e-05
0 0 2753 1.71959e-05 2.46894e-06 4.88013e-07 -2.68519e-05
0 0 2754 1.71959e-05 2.46894e-06 4.88013e-07 -2.68519e-05
0 0 2755 1.71959e-05 2.46894e-06 4.88013e-07 -2.68519e-05
0 0 2756 1.71959e-05 2.46894e-06 4.88013e-07 -2.68519e-05
0 0 2757 1.71959e-05 2.46894e-06 4.88013e-07 -2.68519e-05
0 0 2758 1.71959e-05 2.46894e-06 4.88013e-07 -2.68519e-05
0 0 2759 1.71959e-05 2.46894e-06 4.88013e-07 -2.68519e-05
0 0 2760 1.71959e-05 2.46894e-06 4.88013e-07 -2.68519e-05
0 0 2761 1.71959e-05 2.46894e-06 4.88013e-07 -2.68519e-05
0 0 2762 1.71959e-05 2.46894e-06 4.88013e-07 -2.68519e-05
0 0 2763 1.71959e-05 2.46894e-06 4.88013e-07 -2.68519e-05
0 0 2764 1.71959e-05 2.46894e-06 4.88013e-07 -2.68519e-05
0 0 2765 1.71959e-05 2.46894e-06 4.88013e-07 -2.68519e-05
0 0 2766 1.71959e-05 2.46894e-06 4.88013e-07 -2.68519e-05
0 0 2767 1.71959e-05 2.46894e-06 4.88013e-07 -2.68519e-05
0 0 2768 1.71959e-05 2.46894e-06 4.88013e-07 -2.68519e-05
0 0 2769 1.71959e-05 2.46894e-06 4.88013e-07 -2.68519e-05
0 0 2770 1.71959e-05 2.46894e-06 4.88013e-07 -2.68519e-05
0 0 2771 1.71959e-05 2.46894e-06 4.88013e-07 -2.68519e-05
0 0 2772 1.71959e-05 2.46894e-06 4.88013e-07 -2.68519e-05
0 0 2773 1.71959e-05 2.46894e-06 4.88013e-07 -2.68519e-05
0 0 2774 1.71959e-05 2.46894e-06 4.88013e-07 -2.68519e-05
0 0 2775 1.71959e-05 2.46894e-06 4.88013e-07 -2.68519e-05
0 0 2776 1.71959e-05 2.46894e-06 4.88013e-07 -2.68519e-05
0 0 2777 1.71959e-05 2.46894e-06 4.88013e-07 -2.68519e-05
0 0 2778 1.71959e-05 2.46894e-06 4.88013e-07 -2.68519e-05
0 0 2779 1.71959e-05 2.46894e-06 4.88013e-07 -2.68519e-05
0 0 2780 1.71959e-05 2.46894e-06 4.88013e-07 -2.68519e-05
0 0 2781 1.71959e-05 2.46894e-06 4.88013e-07 -2.68519e-05
0 0 2782 1.71959e-05 2.46894e-06 4.88013e-07 -2.68519e-05
0 0 2783 1.71959e-05 2.46894e-06 4.88013e-07 -2.68519e-05
0 0 2784 1.71959e-05 2.46894e-06 4.88013e-07 -2.68519e-05
0 0 2785 1.71959e-05 2.46894e-06 4.88013e-07 -2.68519e-05
0 0 2786 1.71959e-05 2.46894e-06 4.88013e-07 -2.68519e-05
0 0 2787 1.71959e-05 2.46894e-06 4.88013e-07 -2.68519e-05
0 0 2788 1.71959e-05 2.46894e-06 4.88013e-07 -2.68519e-05
0 0 2789 1.71959e-05 2.46894e-06 4.88013e-07 -2.68519e-05
0 0 2790 1.71959e-05 2.46894e-06 4.88013e-07 -2.68519e-05
0 0 2791 1.71959e-05 2.46894e-06 4.88013e-07 -2.68519e-05
0 0 2792 1.71959e-05 2.46894e-06 4.88013e-07 -2.68519e-05
0 0 2793 1.71959e-05 2.46894e-06 4.88013e-07 -2.68519e-05
0 0 2794 1.71959e-05 2.46894e-06 4.88013e-07 -2.68519e-05
0 0 2795 1.71959e-05 2.46894e-06 4.88013e-07 -2.68519e-05
0 0 2796 1.71959e-05 2.46894e-06 4.88013e-07 -2.68519e-05
0 0 2797 1.71959e-05 2.46894e-06 4.88013e-07 -2.68519e-05
0 0 2798 1.71959e-05 2.46894e-06 4.88013e-07 -2.68519e-05
0 0 2799 1.71959e-05 2.46894e-06 4.88013e-07 -2.68519e-05
0 0 2800 1.71959e-05 2.46894e-06 4.88013e-07 -2.68519e-05
0 0 2801 1.71959e-05 2.46894e-06 4.88013e-07 -2.68519e-05
0 0 2802 1.71959e-05 2.46894e-06 4.88013e-07 -2.68519e-05
0 0 2803 1.71959e-05 2.46894e-06 4.88013e-07 -2.68519e-05
0 0 2804 1.71959e-05 2.46894e-06 4.88013e-07 -2.68519e-05
0 0 2805 1.71959e-05 2.46894e-06 4.88013e-07 -2.68519e-05
0 0 2806 1.71959e-05 2.46894e-06 4.88013e-07 -2.68519e-05
0 0 2807 1.71959e-05 2.46894e-06 4.88013e-07 -2.68519e-05
0 0 2808 1.71959e-05 2.46894e-06 4.88013e-07 -2.68519e-05
0 0 2809 1.71959e-05 2.46894e-06 4.88013e-07 -2.68519e-05
0 0 2810 1.71959e-05 2.46894e-06 4.88013e-07 -2.68519e-05
0 0 2811 1.71959e-05 2.46894e-06 4.88013e-07 -2.68519e-05
0 0 2812 1.71959e-05 2.46894e-06 4.88013e-07 -2.68519e-05
0 0 2813 1.71959e-05 2.46894e-06 4.88013e-07 -2.68519e-05
0 0 2814 1.71959e-05 2.46894e-06 4.88013e-07 -2.68519e-05
0 0 2815 1.71959e-05 2.46894e-06 4.88013e-07 -2.68519e-05
0 0 2816 1.71959e-05 2.46894e-06 4.88013e-07 -2.68519e-05
0 0 2817 1.71959e-05 2.46894e-06 4.88013e-07 -2.68519e-05
0 0 2818 1.71959e-05 2.46894e-06 4.88013e-07 -2.68519e-05
0 0 2819 1.71959e-05 2.46894e-06 4.88013e-07 -2.68519e-05
0 0 2820 1.71959e-05 2.46894e-06 4.88013e-07 -2.68519e-05
0 0 2821 1.71959e-05 2.46894e-06 4.88013e-07 -2.68519e-05
0 0 2822 1.71959e-05 2.46894e-06 4.88013e-07 -2.68519e-05
0 0 2823 1.71959e-05 2.46894e-06 4.88013e-07 -2.68519e-05
0 0 2824 1.71959e-05 2.46894e-06 4.88013e-07 -2.68519e-05
0 0 2825 1.71959e-05 2.46894e-06 4.88013e-07 -2.68519e-05
0 0 2826 1.71959e-05 2.46894e-06 4.88013e-07 -2.68519e-05
0 0 2827 1.71959e-05 2.46894e-06 4.88013e-07 -2.68519e-05
0 0 2828 1.71959e-05 2.46894e-06 4.88013e-07 -2.68519e-05
0 0 2829 1.71959e-05 2.46894e-06 4.88013e-07 -2.68519e-05
0 0 2830 1.71959e-05 2.46894e-06 4.88013e-07 -2.68519e-05
0 0 2831 1.71959e-05 2.46894e-06 4.88013e-07 -2.68519e-05
0 0 2832 1.71959e-05 2.46894e-06 4.88013e-07 -2.68519e-05
0 0 2833 1.71959e-05 2.46894e-06 4.88013e-07 -2.68519e-05
0 0 2834 1.71959e-05 2.46894e-06 4.88013e-07 -2.68519e-05
0 0 2835 1.71959e-05 2.46894e-06 4.88013e-07 -2.68519e-05
0 0 2836 1.71959e-05 2.46894e-06 4.88013e-07 -2.68519e-05
0 0 2837 1.71959e-05 2.46894e-06 4.88013e-07 -2.68519e-05
0 0 2838 1.71959e-05 2.46894e-06 4.88013e-07 -2.68519e-05
0 0 2839 1.71959e-05 2.46894e-06 4.88013e-07 -2.68519e-05
0 0 2840 1.71959e-05 2.46894e-06 4.88013e-07 -2.68519e-05
0 0 2841 1.71959e-05 2.46894e-06 4.88013e-07 -2.68519e-05
0 0 2842 1.71959e-05 2.46894e-06 4.88013e-07 -2.68519e-05
0 0 2843 1.71959e-05 2.46894e-06 4.88013e-07 -2.68519e-05
0 0 2844 1.71959e-05 2.46894e-06 4.88013e-07 -2.68519e-05
0 0 2845 1.71959e-05 2.46894e-06 4.88013e-07 -2.68519e-05
0 0 2846 1.71959e-05 2.46894e-06 4.88013e-07 -2.68519e-05
0 0 2847 1.71959e-05 2.46894e-06 4.88013e-07 -2.68519e-05
0 0 2848 1.71959e-05 2.46894e-06 4.88013e-07 -2.68519e-05
0 0 2849 1.71959e-05 2.46894e-06 4.88013e-07 -2.68519e-05
0 0 2850 1.71959e-05 2.46894e-06 4.88013e-07 -2.68519e-05
0 0 2851 1.71959e-05 2.46894e-06 4.88013e-07 -2.68519e-05
0 0 2852 1.71959e-05 2.46894e-06 4.88013e-07 -2.68519e-05
0 0 2853 1.71959e-05 2.46894e-06 4.88013e-07 -2.68519e-05
0 0 2854 1.71959e-05 2.46894e-06 4.88013e-07 -2.68519e-05
0 0 2855 1.71959e-05 2.46894e-06 4.88013e-07 -2.68519e-05
0 0 2856 1.71959e-05 2.46894e-06 4.88013e-07 -2.68519e-05
0 0 2857 1.71959e-05 2.46894e-06 4.88013e-07 -2.68519e-05
0 0 2858 1.71959e-05 2.46894e-06 4.88013e-07 -2.68519e-05
0 0 2859 1.71959e-05 2.46894e-06 4.88013e-07 -2.68519e-05
0 0 2860 1.71959e-05 2.46894e-06 4.88013e-07 -2.68519e-05
0 0 2861 1.71959e-05 2.46894e-06 4.88013e-07 -2.68519e-05
0 0 2862 1.71959e-05 2.46894e-06 4.88013e-07 -2.68519e-05
0 0 2863 1.71959e-05 2.46894e-06 4.88013e-07 -2.68519e-05
0 0 2864 1.71959e-05 2.46894e-06 4.88013e-07 -2.68519e-05
0 0 2865 1.71959e-05 2.46894e-06 4.88013e-07 -2.68519e-05
0 0 2866 1.71959e-05 2.46894e-06 4.88013e-07 -2.68519e-05
0 0 2867 1.71959e-05 2.46894e-06 4.88013e-07 -2.68519e-05
0 0 2868 1.71959e-05 2.46894e-06 4.88013e-07 -2.68519e-05
0 0 2869 1.71959e-05 2.46894e-06 4.88013e-07 -2.68519e-05
0 0 2870 1.71959e-05 2.46894e-06 4.88013e-07 -2.68519e-05
0 0 2871 1.71959e-05 2.46894e-06 4.88013e-07 -2.68519e-05
0 0 2872 1.71959e-05 2.46894e-06 4.88013e-07 -2.68519e-05
0 0 2873 1.71959e-05 2.46894e-06 4.88013e-07 -2.68519e-05
0 0 2874 1.71959e-05 2.46894e-06 4.88013e-07 -2.68519e-05
0 0 2875 1.71959e-05 2.46894e-06 4.88013e-07 -2.68519e-05
0 0 2876 1.71959e-05 2.46894e-06 4.88013e-07 -2.68519e-05
0 0 2877 1.71959e-05 2.46894e-06 4.88013e-07 -2.68519e-05
0 0 2878 1.71959e-05 2.46894e-06 4.88013e-07 -2.68519e-05
0 0 2879 1.71959e-05 2.46894e-06 4.88013e-07 -2.68519e-05
0 0 2880 1.71959e-05 2.46894e-06 4.88013e-07 -2.68519e-05
0 0 2881 1.71959e-05 2.46894e-06 4.88013e-07 -2.68519e-05
0 0 2882 1.71959e-05 2.46894e-06 4.88013e-07 -2.68519e-05
0 0 2883 1.71959e-05 2.46894e-06 4.88013e-07 -2.68519e-05
0 0 2884 1.71959e-05 2.46894e-06 4.88013e-07 -2.68519e-05
0 0 2885 1.71959e-05 2.46894e-06 4.88013e-07 -2.68519e-05
0 0 2886 1.71959e-05 2.46894e-06 4.88013e-07 -2.68519e-05
0 0 2887 1.71959e-05 2.46894e-06 4.88013e-07 -2.68519e-05
0 0 2888 1.71959e-05 2.46894e-06 4.88013e-07 -2.68519e-05
0 0 2889 1.71959e-05 2.46894e-06 4.88013e-07 -2.68519e-05
0 0 2890 1.71959e-05 2.46894e-06 4.88013e-07 -2.68519e-05
0 0 2891 1.71959e-05 2.46894e-06 4.88013e-07 -2.68519e-05
0 0 2892 1.71959e-05 2.46894e-06 4.88013e-07 -2.68519e-05
0 0 2893 1.71959e-05 2.46894e-06 4.88013e-07 -2.68519e-05
0 0 2894 1.71959e-05 2.46894e-06 4.88013e-07 -2.68519e-05
0 0 2895 1.71959e-05 2.46894e-06 4.88013e-07 -2.68519e-05
0 0 2896 1.71959e-05 2.46894e-06 4.88013e-07 -2.68519e-05
0 0 2897 1.71959e-05 2.46894e-06 4.88013e-07 -2.68519e-05
0 0 2898 1.71959e-05 2.46894e-06 4.88013e-07 -2.68519e-05
0 0 2899 1.71959e-05 2.46894e-06 4.88013e-07 -2.68519e-05
0 0 2900 1.71959e-05 2.46894e-06 4.88013e-07 -2.68519e-05
0 0 2901 1.71959e-05 2.46894e-06 4.88013e-07 -2.68519e-05
0 0 2902 1.71959e-05 2.46894e-06 4.88013e-07 -2.68519e-05
0 0 2903 1.71959e-05 2.46894e-06 4.88013e-07 -2.68519e-05
0 0 2904 1.71959e-05 2.46894e-06 4.88013e-07 -2.68519e-05
0 0 2905 1.71959e-05 2.46894e-06 4.88013e-07 -2.68519e-05
0 0 2906 1.71959e-05 2.46894e-06 4.88013e-07 -2.68519e-05
0 0 2907 1.71959e-05 2.46894e-06 4.88013e-07 -2.68519e-05
0 0 2908 1.71959e-05 2.46894e-06 4.88013e-07 -2.68519e-05
0 0 2909 1.71959e-05 2.46894e-06 4.88013e-07 -2.68519e-05
0 0 2910 1.71959e-05 2.46894e-06 4.88013e-07 -2.68519e-05
0 0 2911 1.71959e-05 2.46894e-06 4.88013e-07 -2.68519e-05
0 0 2912 1.71959e-05 2.46894e-06 4.88013e-07 -2.68519e-05
0 0 2913 1.71959e-05 2.46894e-06 4.88013e-07 -2.68519e-05
0 0 2914 1.71959e-05 2.46894e-06 4.88013e-07 -2.68519e-05
0 0 2915 1.71959e-05 2.46894e-06 4.88013e-07 -2.68519e-05
0 0 2916 1.71959e-05 2.46894e-06 4.88013e-07 -2.68519e-05
0 0 2917 1.71959e-05 2.46894e-06 4.88013e-07 -2.68519e-05
0 0 2918 1.71959e-05 2.46894e-06 4.88013e-07 -2.68519e-05
0 0 2919 1.71959e-05 2.46894e-06 4.88013e-07 -2.68519e-05
0 0 2920 1.71959e-05 2.46894e-06 4.88013e-07 -2.68519e-05
0 0 2921 1.71959e-05 2.46894e-06 4.88013e-07 -2.68519e-05
0 0 2922 1.71959e-05 2.46894e-06 4.88013e-07 -2.68519e-05
0 0 2923 1.71959e-05 2.46894e-06 4.88013e-07 -2.68519e-05
0 0 2924 1.71959e-05 2.46894e-06 4.88013e-07 -2.68519e-05
0 0 2925 1.71959e-05 2.46894e-06 4.88013e-07 -2.68519e-05
0 0 2926 1.71959e-05 2.46894e-06 4.88013e-07 -2.68519e-05
0 0 2927 1.71959e-05 2.46894e-06 4.88013e-07 -2.68519e-05
0 0 2928 1.71959e-05 2.46894e-06 4.88013e-07 -2.68519e-05
0 0 2929 1.71959e-05 2.46894e-06 4.88013e-07 -2.68519e-05
0 0 2930 1.71959e-05 2.46894e-06 4.88013e-07 -2.68519e-05
0 0 2931 1.71959e-05 2.46894e-06 4.88013e-07 -2.68519e-05
0 0 2932 1.71959e-05 2.46894e-06 4.88013e-07 -2.68519e-05
0 0 2933 1.71959e-05 2.46894e-06 4.88013e-07 -2.68519e-05
0 0 2934 1.71959e-05 2.46894e-06 4.88013e-07 -2.68519e-05
0 0 2935 1.71959e-05 2.46894e-06 4.88013e-07 -2.68519e-05
0 0 2936 1.71959e-05 2.46894e-06 4.88013e-07 -2.68519e-05
0 0 2937 1.71959e-05 2.46894e-06 4.88013e-07 -2.68519e-05
0 0 2938 1.71959e-05 2.46894e-06 4.88013e-07 -2.68519e-05
0 0 2939 1.71959e-05 2.46894e-06 4.88013e-07 -2.68519e-05
0 0 2940 1.71959e-05 2.46894e-06 4.88013e-07 -2.68519e-05
0 0 2941 1.71959e-05 2.46894e-06 4.88013e-07 -2.68519e-05
0 0 2942 1.71959e-05 2.46894e-06 4.88013e-07 -2.68519e-05
0 0 2943 1.71959e-05 2.46894e-06 4.88013e-07 -2.68519e-05
0 0 2944 1.71959e-05 2.46894e-06 4.88013e-07 -2.68519e-05
0 0 2945 1.71959e-05 2.46894e-06 4.88013e-07 -2.68519e-05
0 0 2946 1.71959e-05 2.46894e-06 4.88013e-07 -2.68519e-05
0 0 2947 1.71959e-05 2.46894e-06 4.88013e-07 -2.68519e-05
0 0 2948 1.71959e-05 2.46894e-06 4.88013e-07 -2.68519e-05
0 0 2949 1.71959e-05 2.46894e-06 4.88013e-07 -2.68519e-05
0 0 2950 1.71959e-05 2.46894e-06 4.88013e-07 -2.68519e-05
0 0 2951 1.71959e-05 2.46894e-06 4.88013e-07 -2.68519e-05
0 0 2952 1.71959e-05 2.46894e-06 4.88013e-07 -2.68519e-05
0 0 2953 1.71959e-05 2.46894e-06 4.88013e-07 -2.68519e-05
0 0 2954 1.71959e-05 2.46894e-06 4.88013e-07 -2.68519e-05
0 0 2955 1.71959e-05 2.46894e-06 4.88013e-07 -2.68519e-05
0 0 2956 1.71959e-05 2.46894e-06 4.88013e-07 -2.68519e-05
0 0 2957 1.71959e-05 2.46894e-06 4.88013e-07 -2.68519e-05
0 0 2958 1.71959e-05 2.46894e-06 4.88013e-07 -2.68519e-05
0 0 2959 1.71959e-05 2.46894e-06 4.88013e-07 -2.68519e-05
0 0 2960 1.71959e-05 2.46894e-06 4.88013e-07 -2.68519e-05
0 0 2961 1.71959e-05 2.46894e-06 4.88013e-07 -2.68519e-05
0 0 2962 1.71959e-05 2.46894e-06 4.88013e-07 -2.68519e-05
0 0 2963 1.71959e-05 2.46894e-06 4.88013e-07 -2.68519e-05
0 0 2964 1.71959e-05 2.46894e-06 4.88013e-07 -2.68519e-05
0 0 2965 1.71959e-05 2.46894e-06 4.88013e-07 -2.68519e-05
0 0 2966 1.71959e-05 2.46894e-06 4.88013e-07 -2.68519e-05
0 0 2967 1.71959e-05 2.46894e-06 4.88013e-07 -2.68519e-05
0 0 2968 1.71959e-05 2.46894e-06 4.88013e-07 -2.68519e-05
0 0 2969 1.71959e-05 2.46894e-06 4.88013e-07 -2.68519e-05
0 0 2970 1.71959e-05 2.46894e-06 4.88013e-07 -2.68519e-05
0 0 2971 1.71959e-05 2.46894e-06 4.88013e-07 -2.68519e-05
0 0 2972 1.71959e-05 2.46894e-06 4.88013e-07 -2.68519e-05
0 0 2973 1.71959e-05 2.46894e-06 4.88013e-07 -2.68519e-05
0 0 2974 1.71959e-05 2.46894e-06 4.88013e-07 -2.68519e-05
0 0 2975 1.71959e-05 2.46894e-06 4.88013e-07 -2.68519e-05
0 0 2976 1.71959e-05 2.46894e-06 4.88013e-07 -2.68519e-05
0 0 2977 1.71959e-05 2.46894e-06 4.88013e-07 -2.68519e-05
0 0 2978 1.71959e-05 2.46894e-06 4.88013e-07 -2.68519e-05
0 0 2979 1.71959e-05 2.46894e-06 4.88013e-07 -2.68519e-05
0 0 2980 1.71959e-05 2.46894e-06 4.88013e-07 -2.68519e-05
0 0 2981 1.71959e-05 2.46894e-06 4.88013e-07 -2.68519e-05
0 0 2982 1.71959e-05 2.46894e-06 4.88013e-07 -2.68519e-05
0 0 2983 1.71959e-05 2.46894e-06 4.88013e-07 -2.68519e-05
0 0 2984 1.71959e-05 2.46894e-06 4.88013e-07 -2.68519e-05
0 0 2985 1.71959e-05 2.46894e-06 4.88013e-07 -2.68519e-05
0 0 2986 1.71959e-05 2.46894e-06 4.88013e-07 -2.68519e-05
0 0 2987 1.71959e-05 2.46894e-06 4.88013e-07 -2.68519e-05
0 0 2988 1.71959e-05 2.46894e-06 4.88013e-07 -2.68519e-05
0 0 2989 1.71959e-05 2.46894e-06 4.88013e-07 -2.68519e-05
0 0 2990 1.71959e-05 2.46894e-06 4.88013e-07 -2.68519e-05
0 0 2991 1.71959e-05 2.46894e-06 4.88013e-07 -2.68519e-05
0 0 2992 1.71959e-05 2.46894e-06 4.88013e-07 -2.68519e-05
0 0 2993 1.71959e-05 2.46894e-06 4.88013e-07 -2.68519e-05
0 0 2994 1.71959e-05 2.46894e-06 4.88013e-07 -2.68519e-05
0 0 2995 1.71959e-05 2.46894e-06 4.88013e-07 -2.68519e-05
0 0 2996 1.71959e-05 2.46894e-06 4.88013e-07 -2.68519e-05
0 0 2997 1.71959e-05 2.46894e-06 4.88013e-07 -2.68519e-05
0 0 2998 1.71959e-05 2.46894e-06 4.88013e-07 -2.68519e-05
0 0 2999 1.71959e-05 2.46894e-06 4.88013e-07 -2.68519e-05
0 0 3000 1.71959e-05 2.46894e-06 4.88013e-07 -2.68519e-05
0 0 3001 1.71959e-05 2.46894e-06 4.88013e-07 -2.68519e-05
0 0 3002 1.71959e-05 2.46894e-06 4.88013e-07 -2.68519e-05
0 0 3003 1.71959e-05 2.46894e-06 4.88013e-07 -2.68519e-05
0 0 3004 1.71959e-05 2.46894e-06 4.88013e-07 -2.68519e-05
0 0 3005 1.71959e-05 2.46894e-06 4.88013e-07 -2.68519e-05
0 0 3006 1.71959e-05 2.46894e-06 4.88013e-07 -2.68519e-05
0 0 3007 1.71959e-05 2.46894e-06 4.88013e-07 -2.68519e-05
0 0 3008 1.71959e-05 2.46894e-06 4.88013e-07 -2.68519e-05
0 0 3009 1.71959e-05 2.46894e-06 4.88013e-07 -2.68519e-05
0 0 3010 1.71959e-05 2.46894e-06 4.88013e-07 -2.68519e-05
0 0 3011 1.71959e-05 2.46894e-06 4.88013e-07 -2.68519e-05
0 0 3012 1.71959e-05 2.46894e-06 4.88013e-07 -2.68519e-05
0 0 3013 1.71959e-05 2.46894e-06 4.88013e-07 -2.68519e-05
0 0 3014 1.71959e-05 2.46894e-06 4.88013e-07 -2.68519e-05
0 0 3015 1.71959e-05 2.46894e-06 4.88013e-07 -2.68519e-05
0 0 3016 1.71959e-05 2.46894e-06 4.88013e-07 -2.68519e-05
0 0 3017 1.71959e-05 2.46894e-06 4.88013e-07 -2.68519e-05
0 0 3018 1.71959e-05 2.46894e-06 4.88013e-07 -2.68519e-05
0 0 3019 1.71959e-05 2.46894e-06 4.88013e-07 -2.68519e-05
0 0 3020 1.71959e-05 2.46894e-06 4.88013e-07 -2.68519e-05
0 0 3021 1.71959e-05 2.46894e-06 4.88013e-07 -2.68519e-05
0 0 3022 1.71959e-05 2.46894e-06 4.88013e-07 -2.68519e-05
0 0 3023 1.71959e-05 2.46894e-06 4.88013e-07 -2.68519e-05
0 0 3024 1.71959e-05 2.46894e-06 4.88013e-07 -2.68519e-05
0 0 3025 1.71959e-05 2.46894e-06 4.88013e-07 -2.68519e-05
0 0 3026 1.71959e-05 2.46894e-06 4.88013e-07 -2.68519e-05
0 0 3027 1.71959e-05 2.46894e-06 4.88013e-07 -2.68519e-05
0 0 3028 1.71959e-05 2.46894e-06 4.88013e-07 -2.68519e-05
0 0 3029 1.71959e-05 2.46894e-06 4.88013e-07 -2.68519e-05
0 0 3030 1.71959e-05 2.46894e-06 4.88013e-07 -2.68519e-05
0 0 3031 1.71959e-05 2.46894e-06 4.88013e-07 -2.68519e-05
0 0 3032 1.71959e-05 2.46894e-06 4.88013e-07 -2.68519e-05
0 0 3033 1.71959e-05 2.46894e-06 4.88013e-07 -2.68519e-05
0 0 3034 1.71959e-05 2.46894e-06 4.88013e-07 -2.68519e-05
0 0 3035 1.71959e-05 2.46894e-06 4.88013e-07 -2.68519e-05
0 0 3036 1.71959e-05 2.46894e-06 4.88013e-07 -2.68519e-05
0 0 3037 1.71959e-05 2.46894e-06 4.88013e-07 -2.68519e-05
0 0 3038 1.71959e-05 2.46894e-06 4.88013e-07 -2.68519e-05
0 0 3039 1.71959e-05 2.46894e-06 4.88013e-07 -2.68519e-05
0 0 3040 1.71959e-05 2.46894e-06 4.88013e-07 -2.68519e-05
0 0 3041 1.71959e-05 2.46894e-06 4.88013e-07 -2.68519e-05
0 0 3042 1.71959e-05 2.46894e-06 4.88013e-07 -2.68519e-05
0 0 3043 1.71959e-05 2.46894e-06 4.88013e-07 -2.68519e-05
0 0 3044 1.71959e-05 2.46894e-06 4.88013e-07 -2.68519e-05
0 0 3045 1.71959e-05 2.46894e-06 4.88013e-07 -2.68519e-05
0 0 3046 1.71959e-05 2.46894e-06 4.88013e-07 -2.68519e-05
0 0 3047 1.71959e-05 2.46894e-06 4.88013e-07 -2.68519e-05
0 0 3048 1.71959e-05 2.46894e-06 4.88013e-07 -2.68519e-05
0 0 3049 1.71959e-05 2.46894e-06 4.88013e-07 -2.68519e-05
0 0 3050 1.71959e-05 2.46894e-06 4.88013e-07 -2.68519e-05
0 0 3051 1.71959e-05 2.46894e-06 4.88013e-07 -2.68519e-05
0 0 3052 1.71959e-05 2.46894e-06 4.88013e-07 -2.68519e-05
0 0 3053 1.71959e-05 2.46894e-06 4.88013e-07 -2.68519e-05
0 0 3054 1.71959e-05 2.46894e-06 4.88013e-07 -2.68519e-05
0 0 3055 1.71959e-05 2.46894e-06 4.88013e-07 -2.68519e-05
0 0 3056 1.71959e-05 2.46894e-06 4.88013e-07 -2.68519e-05
0 0 3057 1.71959e-05 2.46894e-06 4.88013e-07 -2.68519e-05
0 0 3058 1.71959e-05 2.46894e-06 4.88013e-07 -2.68519e-05
0 0 3059 1.71959e-05 2.46894e-06 4.88013e-07 -2.68519e-05
0 0 3060 1.71959e-05 2.46894e-06 4.88013e-07 -2.68519e-05
0 0 3061 1.71959e-05 2.46894e-06 4.88013e-07 -2.68519e-05
0 0 3062 1.71959e-05 2.46894e-06 4.88013e-07 -2.68519e-05
0 0 3063 1.71959e-05 2.46894e-06 4.88013e-07 -2.68519e-05
0 0 3064 1.71959e-05 2.46894e-06 4.88013e-07 -2.68519e-05
0 0 3065 1.71959e-05 2.46894e-06 4.88013e-07 -2.68519e-05
0 0 3066 1.71959e-05 2.46894e-06 4.88013e-07 -2.68519e-05
0 0 3067 1.71959e-05 2.46894e-06 4.88013e-07 -2.68519e-05
0 0 3068 1.71959e-05 2.46894e-06 4.88013e-07 -2.68519e-05
0 0 3069 1.71959e-05 2.46894e-06 4.88013e-07 -2.68519e-05
0 0 3070 1.71959e-05 2.46894e-06 4.88013e-07 -2.68519e-05
0 0 3071 1.71959e-05 2.46894e-06 4.88013e-07 -2.68519e-05
0 0 3072 1.71959e-05 2.46894e-06 4.88013e-07 -2.68519e-05
0 0 3073 1.71959e-05 2.46894e-06 4.88013e-07 -2.68519e-05
0 0 3074 1.71959e-05 2.46894e-06 4.88013e-07 -2.68519e-05
0 0 3075 1.71959e-05 2.46894e-06 4.88013e-07 -2.68519e-05
0 0 3076 1.71959e-05 2.46894e-06 4.88013e-07 -2.68519e-05
0 0 3077 1.71959e-05 2.46894e-06 4.88013e-07 -2.68519e-05
0 0 3078 1.71959e-05 2.46894e-06 4.88013e-07 -2.68519e-05
0 0 3079 1.71959e-05 2.46894e-06 4.88013e-07 -2.68519e-05
0 0 3080 1.71959e-05 2.46894e-06 4.88013e-07 -2.68519e-05
0 0 3081 1.71959e-05 2.46894e-06 4.88013e-07 -2.68519e-05
0 0 3082 1.71959e-05 2.46894e-06 4.88013e-07 -2.68519e-05
0 0 3083 1.71959e-05 2.46894e-06 4.88013e-07 -2.68519e-05
0 0 3084 1.71959e-05 2.46894e-06 4.88013e-07 -2.68519e-05
0 0 3085 1.71959e-05 2.46894e-06 4.88013e-07 -2.68519e-05
0 0 3086 1.71959e-05 2.46894e-06 4.88013e-07 -2.68519e-05
0 0 3087 1.71959e-05 2.46894e-06 4.88013e-07 -2.68519e-05
0 0 3088 1.71959e-05 2.46894e-06 4.88013e-07 -2.68519e-05
0 0 3089 1.71959e-05 2.46894e-06 4.88013e-07 -2.68519e-05
0 0 3090 1.71959e-05 2.46894e-06 4.88013e-07 -2.68519e-05
0 0 3091 1.71959e-05 2.46894e-06 4.88013e-07 -2.68519e-05
0 0 3092 1.71959e-05 2.46894e-06 4.88013e-07 -2.68519e-05
0 0 3093 1.71959e-05 2.46894e-06 4.88013e-07 -2.68519e-05
0 0 3094 1.71959e-05 2.46894e-06 4.88013e-07 -2.68519e-05
0 0 3095 1.71959e-05 2.46894e-06 4.88013e-07 -2.68519e-05
0 0 3096 1.71959e-05 2.46894e-06 4.88013e-07 -2.68519e-05
0 0 3097 1.71959e-05 2.46894e-06 4.88013e-07 -2.68519e-05
0 0 3098 1.71959e-05 2.46894e-06 4.88013e-07 -2.68519e-05
0 0 3099 1.71959e-05 2.46894e-06 4.88013e-07 -2.68519e-05
0 0 3100 1.71959e-05 2.46894e-06 4.88013e-07 -2.68519e-05
0 0 3101 1.71959e-05 2.46894e-06 4.88013e-07 -2.68519e-05
0 0 3102 1.71959e-05 2.46894e-06 4.88013e-07 -2.68519e-05
0 0 3103 1.71959e-05 2.46894e-06 4.88013e-07 -2.68519e-05
0 0 3104 1.71959e-05 2.46894e-06 4.88013e-07 -2.68519e-05
0 0 3105 1.71959e-05 2.46894e-06 4.88013e-07 -2.68519e-05
0 0 3106 1.71959e-05 2.46894e-06 4.88013e-07 -2.68519e-05
0 0 3107 1.71959e-05 2.46894e-06 4.88013e-07 -2.68519e-05
0 0 3108 1.71959e-05 2.46894e-06 4.88013e-07 -2.68519e-05
0 0 3109 1.71959e-05 2.46894e-06 4.88013e-07 -2.68519e-05
0 0 3110 1.71959e-05 2.46894e-06 4.88013e-07 -2.68519e-05
0 0 3111 1.71959e-05 2.46894e-06 4.88013e-07 -2.68519e-05
0 0 3112 1.71959e-05 2.46894e-06 4.88013e-07 -2.68519e-05
0 0 3113 1.71959e-05 2.46894e-06 4.88013e-07 -2.68519e-05
0 0 3114 1.71959e-05 2.46894e-06 4.88013e-07 -2.68519e-05
0 0 3115 1.71959e-05 2.46894e-06 4.88013e-07 -2.68519e-05
0 0 3116 1.71959e-05 2.46894e-06 4.88013e-07 -2.68519e-05
0 0 3117 1.71959e-05 2.46894e-06 4.88013e-07 -2.68519e-05
0 0 3118 1.71959e-05 2.46894e-06 4.88013e-07 -2.68519e-05
0 0 3119 1.71959e-05 2.46894e-06 4.88013e-07 -2.68519e-05
0 0 3120 1.71959e-05 2.46894e-06 4.88013e-07 -2.68519e-05
0 0 3121 1.71959e-05 2.46894e-06 4.88013e-07 -2.68519e-05
0 0 3122 1.71959e-05 2.46894e-06 4.88013e-07 -2.68519e-05
0 0 3123 1.71959e-05 2.46894e-06 4.88013e-07 -2.68519e-05
0 0 3124 1.71959e-05 2.46894e-06 4.88013e-07 -2.68519e-05
0 0 3125 1.71959e-05 2.46894e-06 4.88013e-07 -2.68519e-05
0 0 3126 1.71959e-05 2.46894e-06 4.88013e-07 -2.68519e-05
0 0 3127 1.71959e-05 2.46894e-06 4.88013e-07 -2.68519e-05
0 0 3128 1.71959e-05 2.46894e-06 4.88013e-07 -2.68519e-05
0 0 3129 1.71959e-05 2.46894e-06 4.88013e-07 -2.68519e-05
0 0 3130 1.71959e-05 2.46894e-06 4.88013e-07 -2.68519e-05
0 0 3131 1.71959e-05 2.46894e-06 4.88013e-07 -2.68519e-05
0 0 3132 1.71959e-05 2.46894e-06 4.88013e-07 -2.68519e-05
0 0 3133 1.71959e-05 2.46894e-06 4.88013e-07 -2.68519e-05
0 0 3134 1.71959e-05 2.46894e-06 4.88013e-07 -2.68519e-05
0 0 3135 1.71959e-05 2.46894e-06 4.88013e-07 -2.68519e-05
0 0 3136 1.71959e-05 2.46894e-06 4.88013e-07 -2.68519e-05
0 0 3137 1.71959e-05 2.46894e-06 4.88013e-07 -2.68519e-05
0 0 3138 1.71959e-05 2.46894e-06 4.88013e-07 -2.68519e-05
0 0 3139 1.71959e-05 2.46894e-06 4.88013e-07 -2.68519e-05
0 0 3140 1.71959e-05 2.46894e-06 4.88013e-07 -2.68519e-05
0 0 3141 1.71959e-05 2.46894e-06 4.88013e-07 -2.68519e-05
0 0 3142 1.71959e-05 2.46894e-06 4.88013e-07 -2.68519e-05
0 0 3143 1.71959e-05 2.46894e-06 4.88013e-07 -2.68519e-05
0 0 3144 1.71959e-05 2.46894e-06 4.88013e-07 -2.68519e-05
0 0 3145 1.71959e-05 2.46894e-06 4.88013e-07 -2.68519e-05
0 0 3146 1.71959e-05 2.46894e-06 4.88013e-07 -2.68519e-05
0 0 3147 1.71959e-05 2.46894e-06 4.88013e-07 -2.68519e-05
0 0 3148 1.71959e-05 2.46894e-06 4.88013e-07 -2.68519e-05
0 0 3149 1.71959e-05 2.46894e-06 4.88013e-07 -2.68519e-05
0 0 3150 1.71959e-05 2.46894e-06 4.88013e-07 -2.68519e-05
0 0 3151 1.71959e-05 2.46894e-06 4.88013e-07 -2.68519e-05
0 0 3152 1.71959e-05 2.46894e-06 4.88013e-07 -2.68519e-05
0 0 3153 1.71959e-05 2.46894e-06 4.88013e-07 -2.68519e-05
0 0 3154 1.71959e-05 2.46894e-06 4.88013e-07 -2.68519e-05
0 0 3155 1.71959e-05 2.46894e-06 4.88013e-07 -2.68519e-05
0 0 3156 1.71959e-05 2.46894e-06 4.88013e-07 -2.68519e-05
0 0 3157 1.71959e-05 2.46894e-06 4.88013e-07 -2.68519e-05
0 0 3158 1.71959e-05 2.46894e-06 4.88013e-07 -2.68519e-05
0 0 3159 1.71959e-05 2.46894e-06 4.88013e-07 -2.68519e-05
0 0 3160 1.71959e-05 2.46894e-06 4.88013e-07 -2.68519e-05
0 0 3161 1.71959e-05 2.46894e-06 4.88013e-07 -2.68519e-05
0 0 3162 1.71959e-05 2.46894e-06 4.88013e-07 -2.68519e-05
0 0 3163 1.71959e-05 2.46894e-06 4.88013e-07 -2.68519e-05
0 0 3164 1.71959e-05 2.46894e-06 4.88013e-07 -2.68519e-05
0 0 3165 1.71959e-05 2.46894e-06 4.88013e-07 -2.68519e-05
0 0 3166 1.71959e-05 2.46894e-06 4.88013e-07 -2.68519e-05
0 0 3167 1.71959e-05 2.46894e-06 4.88013e-07 -2.68519e-05
0 0 3168 1.71959e-05 2.46894e-06 4.88013e-07 -2.68519e-05
0 0 3169 1.71959e-05 2.46894e-06 4.88013e-07 -2.68519e-05
0 0 3170 1.71959e-05 2.46894e-06 4.88013e-07 -2.68519e-05
0 0 3171 1.71959e-05 2.46894e-06 4.88013e-07 -2.68519e-05
0 0 3172 1.71959e-05 2.46894e-06 4.88013e-07 -2.68519e-05
0 0 3173 1.71959e-05 2.46894e-06 4.88013e-07 -2.68519e-05
0 0 3174 1.71959e-05 2.46894e-06 4.88013e-07 -2.68519e-05
0 0 3175 1.71959e-05 2.46894e-06 4.88013e-07 -2.68519e-05
0 0 3176 1.71959e-05 2.46894e-06 4.88013e-07 -2.68519e-05
0 0 3177 1.71959e-05 2.46894e-06 4.88013e-07 -2.68519e-05
0 0 3178 1.71959e-05 2.46894e-06 4.88013e-07 -2.68519e-05
0 0 3179 1.71959e-05 2.46894e-06 4.88013e-07 -2.68519e-05
0 0 3180 1.71959e-05 2.46894e-06 4.88013e-07 -2.68519e-05
0 0 3181 1.71959e-05 2.46894e-06 4.88013e-07 -2.68519e-05
0 0 3182 1.71959e-05 2.46894e-06 4.88013e-07 -2.68519e-05
0 0 3183 1.71959e-05 2.46894e-06 4.88013e-07 -2.68519e-05
0 0 3184 1.71959e-05 2.46894e-06 4.88013e-07 -2.68519e-05
0 0 3185 1.71959e-05 2.46894e-06 4.88013e-07 -2.68519e-05
0 0 3186 1.71959e-05 2.46894e-06 4.88013e-07 -2.68519e-05
0 0 3187 1.71959e-05 2.46894e-06 4.88013e-07 -2.68519e-05
0 0 3188 1.71959e-05 2.46894e-06 4.88013e-07 -2.68519e-05
0 0 3189 1.71959e-05 2.46894e-06 4.88013e-07 -2.68519e-05
0 0 3190 1.71959e-05 2.46894e-06 4.88013e-07 -2.68519e-05
0 0 3191 1.71959e-05 2.46894e-06 4.88013e-07 -2.68519e-05
0 0 3192 1.71959e-05 2.46894e-06 4.88013e-07 -2.68519e-05
0 0 3193 1.71959e-05 2.46894e-06 4.88013e-07 -2.68519e-05
0 0 3194 1.71959e-05 2.46894e-06 4.88013e-07 -2.68519e-05
0 0 3195 1.71959e-05 2.46894e-06 4.88013e-07 -2.68519e-05
0 0 3196 1.71959e-05 2.46894e-06 4.88013e-07 -2.68519e-05
0 0 3197 1.71959e-05 2.46894e-06 4.88013e-07 -2.68519e-05
0 0 3198 1.71959e-05 2.46894e-06 4.88013e-07 -2.68519e-05
0 0 3199 1.71959e-05 2.46894e-06 4.88013e-07 -2.68519e-05
0 0 3200 1.71959e-05 2.46894e-06 4.88013e-07 -2.68519e-05
0 0 3201 1.71959e-05 2.46894e-06 4.88013e-07 -2.68519e-05
0 0 3202 1.71959e-05 2.46894e-06 4.88013e-07 -2.68519e-05
0 0 3203 1.71959e-05 2.46894e-06 4.88013e-07 -2.68519e-05
0 0 3204 1.71959e-05 2.46894e-06 4.88013e-07 -2.68519e-05
0 0 3205 1.71959e-05 2.46894e-06 4.88013e-07 -2.68519e-05
0 0 3206 1.71959e-05 2.46894e-06 4.88013e-07 -2.68519e-05
0 0 3207 1.71959e-05 2.46894e-06 4.88013e-07 -2.68519e-05
0 0 3208 1.71959e-05 2.46894e-06 4.88013e-07 -2.68519e-05
0 0 3209 1.71959e-05 2.46894e-06 4.88013e-07 -2.68519e-05
0 0 3210 1.71959e-05 2.46894e-06 4.88013e-07 -2.68519e-05
0 0 3211 1.71959e-05 2.46894e-06 4.88013e-07 -2.68519e-05
0 0 3212 1.71959e-05 2.46894e-06 4.88013e-07 -2.68519e-05
0 0 3213 1.71959e-05 2.46894e-06 4.88013e-07 -2.68519e-05
0 0 3214 1.71959e-05 2.46894e-06 4.88013e-07 -2.68519e-05
0 0 3215 1.71959e-05 2.46894e-06 4.88013e-07 -2.68519e-05
0 0 3216 1.71959e-05 2.46894e-06 4.88013e-07 -2.68519e-05
0 0 3217 1.71959e-05 2.46894e-06 4.88013e-07 -2.68519e-05
0 0 3218 1.71959e-05 2.46894e-06 4.88013e-07 -2.68519e-05
0 0 3219 1.71959e-05 2.46894e-06 4.88013e-07 -2.68519e-05
0 0 3220 1.71959e-05 2.46894e-06 4.88013e-07 -2.68519e-05
0 0 3221 1.71959e-05 2.46894e-06 4.88013e-07 -2.68519e-05
0 0 3222 1.71959e-05 2.46894e-06 4.88013e-07 -2.68519e-05
0 0 3223 1.71959e-05 2.46894e-06 4.88013e-07 -2.68519e-05
0 0 3224 1.71959e-05 2.46894e-06 4.88013e-07 -2.68519e-05
0 0 3225 1.71959e-05 2.46894e-06 4.88013e-07 -2.68519e-05
0 0 3226 1.71959e-05 2.46894e-06 4.88013e-07 -2.68519e-05
0 0 3227 1.71959e-05 2.46894e-06 4.88013e-07 -2.68519e-05
0 0 3228 1.71959e-05 2.46894e-06 4.88013e-07 -2.68519e-05
0 0 3229 1.71959e-05 2.46894e-06 4.88013e-07 -2.68519e-05
0 0 3230 1.71959e-05 2.46894e-06 4.88013e-07 -2.68519e-05
0 0 3231 1.71959e-05 2.46894e-06 4.88013e-07 -2.68519e-05
0 0 3232 1.71959e-05 2.46894e-06 4.88013e-07 -2.68519e-05
0 0 3233 1.71959e-05 2.46894e-06 4.88013e-07 -2.68519e-05
0 0 3234 1.71959e-05 2.46894e-06 4.88013e-07 -2.68519e-05
0 0 3235 1.71959e-05 2.46894e-06 4.88013e-07 -2.68519e-05
0 0 3236 1.71959e-05 2.46894e-06 4.88013e-07 -2.68519e-05
0 0 3237 1.71959e-05 2.46894e-06 4.88013e-07 -2.68519e-05
0 0 3238 1.71959e-05 2.46894e-06 4.88013e-07 -2.68519e-05
0 0 3239 1.71959e-05 2.46894e-06 4.88013e-07 -2.68519e-05
0 0 3240 1.71959e-05 2.46894e-06 4.88013e-07 -2.68519e-05
0 0 3241 1.71959e-05 2.46894e-06 4.88013e-07 -2.68519e-05
0 0 3242 1.71959e-05 2.46894e-06 4.88013e-07 -2.68519e-05
0 0 3243 1.71959e-05 2.46894e-06 4.88013e-07 -2.68519e-05
0 0 3244 1.71959e-05 2.46894e-06 4.88013e-07 -2.68519e-05
0 0 3245 1.71959e-05 2.46894e-06 4.88013e-07 -2.68519e-05
0 0 3246 1.71959e-05 2.46894e-06 4.88013e-07 -2.68519e-05
0 0 3247 1.71959e-05 2.46894e-06 4.88013e-07 -2.68519e-05
0 0 3248 1.71959e-05 2.46894e-06 4.88013e-07 -2.68519e-05
0 0 3249 1.71959e-05 2.46894e-06 4.88013e-07 -2.68519e-05
0 0 3250 1.71959e-05 2.46894e-06 4.88013e-07 -2.68519e-05
0 0 3251 1.71959e-05 2.46894e-06 4.88013e-07 -2.68519e-05
0 0 3252 1.71959e-05 2.46894e-06 4.88013e-07 -2.68519e-05
0 0 3253 1.71959e-05 2.46894e-06 4.88013e-07 -2.68519e-05
0 0 3254 1.71959e-05 2.46894e-06 4.88013e-07 -2.68519e-05
0 0 3255 1.71959e-05 2.46894e-06 4.88013e-07 -2.68519e-05
0 0 3256 1.71959e-05 2.46894e-06 4.88013e-07 -2.68519e-05
0 0 3257 1.71959e-05 2.46894e-06 4.88013e-07 -2.68519e-05
0 0 3258 1.71959e-05 2.46894e-06 4.88013e-07 -2.68519e-05
0 0 3259 1.71959e-05 2.46894e-06 4.88013e-07 -2.68519e-05
0 0 3260 1.71959e-05 2.46894e-06 4.88013e-07 -2.68519e-05
0 0 3261 1.71959e-05 2.46894e-06 4.88013e-07 -2.68519e-05
0 0 3262 1.71959e-05 2.46894e-06 4.88013e-07 -2.68519e-05
0 0 3263 1.71959e-05 2.46894e-06 4.88013e-07 -2.68519e-05
0 0 3264 1.71959e-05 2.46894e-06 4.88013e-07 -2.68519e-05
0 0 3265 1.71959e-05 2.46894e-06 4.88013e-07 -2.68519e-05
0 0 3266 1.71959e-05 2.46894e-06 4.88013e-07 -2.68519e-05
0 0 3267 1.71959e-05 2.46894e-06 4.88013e-07 -2.68519e-05
0 0 3268 1.71959e-05 2.46894e-06 4.88013e-07 -2.68519e-05
0 0 3269 1.71959e-05 2.46894e-06 4.88013e-07 -2.68519e-05
0 0 3270 1.71959e-05 2.46894e-06 4.88013e-07 -2.68519e-05
0 0 3271 1.71959e-05 2.46894e-06 4.88013e-07 -2.68519e-05
0 0 3272 1.71959e-05 2.46894e-06 4.88013e-07 -2.68519e-05
0 0 3273 1.71959e-05 2.46894e-06 4.88013e-07 -2.68519e-05
0 0 3274 1.71959e-05 2.46894e-06 4.88013e-07 -2.68519e-05
0 0 3275 1.71959e-05 2.46894e-06 4.88013e-07 -2.68519e-05
0 0 3276 1.71959e-05 2.46894e-06 4.88013e-07 -2.68519e-05
0 0 3277 1.71959e-05 2.46894e-06 4.88013e-07 -2.68519e-05
0 0 3278 1.71959e-05 2.46894e-06 4.88013e-07 -2.68519e-05
0 0 3279 1.71959e-05 2.46894e-06 4.88013e-07 -2.68519e-05
0 0 3280 1.71959e-05 2.46894e-06 4.88013e-07 -2.68519e-05
0 0 3281 1.71959e-05 2.46894e-06 4.88013e-07 -2.68519e-05
0 0 3282 1.71959e-05 2.46894e-06 4.88013e-07 -2.68519e-05
0 0 3283 1.71959e-05 2.46894e-06 4.88013e-07 -2.68519e-05
0 0 3284 1.71959e-05 2.46894e-06 4.88013e-07 -2.68519e-05
0 0 3285 1.71959e-05 2.46894e-06 4.88013e-07 -2.68519e-05
0 0 3286 1.71959e-05 2.46894e-06 4.88013e-07 -2.68519e-05
0 0 3287 1.71959e-05 2.46894e-06 4.88013e-07 -2.68519e-05
0 0 3288 1.71959e-05 2.46894e-06 4.88013e-07 -2.68519e-05
0 0 3289 1.71959e-05 2.46894e-06 4.88013e-07 -2.68519e-05
0 0 3290 1.71959e-05 2.46894e-06 4.88013e-07 -2.68519e-05
0 0 3291 1.71959e-05 2.46894e-06 4.88013e-07 -2.68519e-05
0 0 3292 1.71959e-05 2.46894e-06 4.88013e-07 -2.68519e-05
0 0 3293 1.71959e-05 2.46894e-06 4.88013e-07 -2.68519e-05
0 0 3294 1.71959e-05 2.46894e-06 4.88013e-07 -2.68519e-05
0 0 3295 1.71959e-05 2.46894e-06 4.88013e-07 -2.68519e-05
0 0 3296 1.71959e-05 2.46894e-06 4.88013e-07 -2.68519e-05
0 0 3297 1.71959e-05 2.46894e-06 4.88013e-07 -2.68519e-05
0 0 3298 1.71959e-05 2.46894e-06 4.88013e-07 -2.68519e-05
0 0 3299 1.71959e-05 2.46894e-06 4.88013e-07 -2.68519e-05
0 0 3300 1.71959e-05 2.46894e-06 4.88013e-07 -2.68519e-05
0 0 3301 1.71959e-05 2.46894e-06 4.88013e-07 -2.68519e-05
0 0 3302 1.71959e-05 2.46894e-06 4.88013e-07 -2.68519e-05
0 0 3303 1.71959e-05 2.46894e-06 4.88013e-07 -2.68519e-05
0 0 3304 1.71959e-05 2.46894e-06 4.88013e-07 -2.68519e-05
0 0 3305 1.71959e-05 2.46894e-06 4.88013e-07 -2.68519e-05
0 0 3306 1.71959e-05 2.46894e-06 4.88013e-07 -2.68519e-05
0 0 3307 1.71959e-05 2.46894e-06 4.88013e-07 -2.68519e-05
0 0 3308 1.71959e-05 2.46894e-06 4.88013e-07 -2.68519e-05
0 0 3309 1.71959e-05 2.46894e-06 4.88013e-07 -2.68519e-05
0 0 3310 1.71959e-05 2.46894e-06 4.88013e-07 -2.68519e-05
0 0 3311 1.71959e-05 2.46894e-06 4.88013e-07 -2.68519e-05
0 0 3312 1.71959e-05 2.46894e-06 4.88013e-07 -2.68519e-05
0 0 3313 1.71959e-05 2.46894e-06 4.88013e-07 -2.68519e-05
0 0 3314 1.71959e-05 2.46894e-06 4.88013e-07 -2.68519e-05
0 0 3315 1.71959e-05 2.46894e-06 4.88013e-07 -2.68519e-05
0 0 3316 1.71959e-05 2.46894e-06 4.88013e-07 -2.68519e-05
0 0 3317 1.71959e-05 2.46894e-06 4.88013e-07 -2.68519e-05
0 0 3318 1.71959e-05 2.46894e-06 4.88013e-07 -2.68519e-05
0 0 3319 1.71959e-05 2.46894e-06 4.88013e-07 -2.68519e-05
0 0 3320 1.71959e-05 2.46894e-06 4.88013e-07 -2.68519e-05
0 0 3321 1.71959e-05 2.46894e-06 4.88013e-07 -2.68519e-05
0 0 3322 1.71959e-05 2.46894e-06 4.88013e-07 -2.68519e-05
0 0 3323 1.71959e-05 2.46894e-06 4.88013e-07 -2.68519e-05
0 0 3324 1.71959e-05 2.46894e-06 4.88013e-07 -2.68519e-05
0 0 3325 1.71959e-05 2.46894e-06 4.88013e-07 -2.68519e-05
0 0 3326 1.71959e-05 2.46894e-06 4.88013e-07 -2.68519e-05
0 0 3327 1.71959e-05 2.46894e-06 4.88013e-07 -2.68519e-05
0 0 3328 1.71959e-05 2.46894e-06 4.88013e-07 -2.68519e-05
0 0 3329 1.71959e-05 2.46894e-06 4.88013e-07 -2.68519e-05
0 0 3330 1.71959e-05 2.46894e-06 4.88013e-07 -2.68519e-05
0 0 3331 1.71959e-05 2.46894e-06 4.88013e-07 -2.68519e-05
0 0 3332 1.71959e-05 2.46894e-06 4.88013e-07 -2.68519e-05
0 0 3333 1.71959e-05 2.46894e-06 4.88013e-07 -2.68519e-05
0 0 3334 1.71959e-05 2.46894e-06 4.88013e-07 -2.68519e-05
0 0 3335 1.71959e-05 2.46894e-06 4.88013e-07 -2.68519e-05
0 0 3336 1.71959e-05 2.46894e-06 4.88013e-07 -2.68519e-05
0 0 3337 1.71959e-05 2.46894e-06 4.88013e-07 -2.68519e-05
0 0 3338 1.71959e-05 2.46894e-06 4.88013e-07 -2.68519e-05
0 0 3339 1.71959e-05 2.46894e-06 4.88013e-07 -2.68519e-05
0 0 3340 1.71959e-05 2.46894e-06 4.88013e-07 -2.68519e-05
0 0 3341 1.71959e-05 2.46894e-06 4.88013e-07 -2.68519e-05
0 0 3342 1.71959e-05 2.46894e-06 4.88013e-07 -2.68519e-05
0 0 3343 1.71959e-05 2.46894e-06 4.88013e-07 -2.68519e-05
0 0 3344 1.71959e-05 2.46894e-06 4.88013e-07 -2.68519e-05
0 0 3345 1.71959e-05 2.46894e-06 4.88013e-07 -2.68519e-05
0 0 3346 1.71959e-05 2.46894e-06 4.88013e-07 -2.68519e-05
0 0 3347 1.71959e-05 2.46894e-06 4.88013e-07 -2.68519e-05
0 0 3348 1.71959e-05 2.46894e-06 4.88013e-07 -2.68519e-05
0 0 3349 1.71959e-05 2.46894e-06 4.88013e-07 -2.68519e-05
0 0 3350 1.71959e-05 2.46894e-06 4.88013e-07 -2.68519e-05
0 0 3351 1.71959e-05 2.46894e-06 4.88013e-07 -2.68519e-05
0 0 3352 1.71959e-05 2.46894e-06 4.88013e-07 -2.68519e-05
0 0 3353 1.71959e-05 2.46894e-06 4.88013e-07 -2.68519e-05
0 0 3354 1.71959e-05 2.46894e-06 4.88013e-07 -2.68519e-05
0 0 3355 1.71959e-05 2.46894e-06 4.88013e-07 -2.68519e-05
0 0 3356 1.71959e-05 2.46894e-06 4.88013e-07 -2.68519e-05
0 0 3357 1.71959e-05 2.46894e-06 4.88013e-07 -2.68519e-05
0 0 3358 1.71959e-05 2.46894e-06 4.88013e-07 -2.68519e-05
0 0 3359 1.71959e-05 2.46894e-06 4.88013e-07 -2.68519e-05
0 0 3360 1.71959e-05 2.46894e-06 4.88013e-07 -2.68519e-05
0 0 3361 1.71959e-05 2.46894e-06 4.88013e-07 -2.68519e-05
0 0 3362 1.71959e-05 2.46894e-06 4.88013e-07 -2.68519e-05
0 0 3363 1.71959e-05 2.46894e-06 4.88013e-07 -2.68519e-05
0 0 3364 1.71959e-05 2.46894e-06 4.88013e-07 -2.68519e-05
0 0 3365 1.71959e-05 2.46894e-06 4.88013e-07 -2.68519e-05
0 0 3366 1.71959e-05 2.46894e-06 4.88013e-07 -2.68519e-05
0 0 3367 1.71959e-05 2.46894e-06 4.88013e-07 -2.68519e-05
0 0 3368 1.71959e-05 2.46894e-06 4.88013e-07 -2.68519e-05
0 0 3369 1.71959e-05 2.46894e-06 4.88013e-07 -2.68519e-05
0 0 3370 1.71959e-05 2.46894e-06 4.88013e-07 -2.68519e-05
0 0 3371 1.71959e-05 2.46894e-06 4.88013e-07 -2.68519e-05
0 0 3372 1.71959e-05 2.46894e-06 4.88013e-07 -2.68519e-05
0 0 3373 1.71959e-05 2.46894e-06 4.88013e-07 -2.68519e-05
0 0 3374 1.71959e-05 2.46894e-06 4.88013e-07 -2.68519e-05
0 0 3375 1.71959e-05 2.46894e-06 4.88013e-07 -2.68519e-05
0 0 3376 1.71959e-05 2.46894e-06 4.88013e-07 -2.68519e-05
0 0 3377 1.71959e-05 2.46894e-06 4.88013e-07 -2.68519e-05
0 0 3378 1.71959e-05 2.46894e-06 4.88013e-07 -2.68519e-05
0 0 3379 1.71959e-05 2.46894e-06 4.88013e-07 -2.68519e-05
0 0 3380 1.71959e-05 2.46894e-06 4.88013e-07 -2.68519e-05
0 0 3381 1.71959e-05 2.46894e-06 4.88013e-07 -2.68519e-05
0 0 3382 1.71959e-05 2.46894e-06 4.88013e-07 -2.68519e-05
0 0 3383 1.71959e-05 2.46894e-06 4.88013e-07 -2.68519e-05
0 0 3384 1.71959e-05 2.46894e-06 4.88013e-07 -2.68519e-05
0 0 3385 1.71959e-05 2.46894e-06 4.88013e-07 -2.68519e-05
0 0 3386 1.71959e-05 2.46894e-06 4.88013e-07 -2.68519e-05
0 0 3387 1.71959e-05 2.46894e-06 4.88013e-07 -2.68519e-05
0 0 3388 1.71959e-05 2.46894e-06 4.88013e-07 -2.68519e-05
0 0 3389 1.71959e-05 2.46894e-06 4.88013e-07 -2.68519e-05
0 0 3390 1.71959e-05 2.46894e-06 4.88013e-07 -2.68519e-05
0 0 3391 1.71959e-05 2.46894e-06 4.88013e-07 -2.68519e-05
0 0 3392 1.71959e-05 2.46894e-06 4.88013e-07 -2.68519e-05
0 0 3393 1.71959e-05 2.46894e-06 4.88013e-07 -2.68519e-05
0 0 3394 1.71959e-05 2.46894e-06 4.88013e-07 -2.68519e-05
0 0 3395 1.71959e-05 2.46894e-06 4.88013e-07 -2.68519e-05
0 0 3396 1.71959e-05 2.46894e-06 4.88013e-07 -2.68519e-05
0 0 3397 1.71959e-05 2.46894e-06 4.88013e-07 -2.68519e-05
0 0 3398 1.71959e-05 2.46894e-06 4.88013e-07 -2.68519e-05
0 0 3399 1.71959e-05 2.46894e-06 4.88013e-07 -2.68519e-05
0 0 3400 1.71959e-05 2.46894e-06 4.88013e-07 -2.68519e-05
0 0 3401 1.71959e-05 2.46894e-06 4.88013e-07 -2.68519e-05
0 0 3402 1.71959e-05 2.46894e-06 4.88013e-07 -2.68519e-05
0 0 3403 1.71959e-05 2.46894e-06 4.88013e-07 -2.68519e-05
0 0 3404 1.71959e-05 2.46894e-06 4.88013e-07 -2.68519e-05
0 0 3405 1.71959e-05 2.46894e-06 4.88013e-07 -2.68519e-05
0 0 3406 1.71959e-05 2.46894e-06 4.88013e-07 -2.68519e-05
0 0 3407 1.71959e-05 2.46894e-06 4.88013e-07 -2.68519e-05
0 0 3408 1.71959e-05 2.46894e-06 4.88013e-07 -2.68519e-05
0 0 3409 1.71959e-05 2.46894e-06 4.88013e-07 -2.68519e-05
0 0 3410 1.71959e-05 2.46894e-06 4.88013e-07 -2.68519e-05
0 0 3411 1.71959e-05 2.46894e-06 4.88013e-07 -2.68519e-05
0 0 3412 1.71959e-05 2.46894e-06 4.88013e-07 -2.68519e-05
0 0 3413 1.71959e-05 2.46894e-06 4.88013e-07 -2.68519e-05
0 0 3414 1.71959e-05 2.46894e-06 4.88013e-07 -2.68519e-05
0 0 3415 1.71959e-05 2.46894e-06 4.88013e-07 -2.68519e-05
0 0 3416 1.71959e-05 2.46894e-06 4.88013e-07 -2.68519e-05
0 0 3417 1.71959e-05 2.46894e-06 4.88013e-07 -2.68519e-05
0 0 3418 1.71959e-05 2.46894e-06 4.88013e-07 -2.68519e-05
0 0 3419 1.71959e-05 2.46894e-06 4.88013e-07 -2.68519e-05
0 0 3420 1.71959e-05 2.46894e-06 4.88013e-07 -2.68519e-05
0 0 3421 1.71959e-05 2.46894e-06 4.88013e-07 -2.68519e-05
0 0 3422 1.71959e-05 2.46894e-06 4.88013e-07 -2.68519e-05
0 0 3423 1.71959e-05 2.46894e-06 4.88013e-07 -2.68519e-05
0 0 3424 1.71959e-05 2.46894e-06 4.88013e-07 -2.68519e-05
0 0 3425 1.71959e-05 2.46894e-06 4.88013e-07 -2.68519e-05
0 0 3426 1.71959e-05 2.46894e-06 4.88013e-07 -2.68519e-05
0 0 3427 1.71959e-05 2.46894e-06 4.88013e-07 -2.68519e-05
0 0 3428 1.71959e-05 2.46894e-06 4.88013e-07 -2.68519e-05
0 0 3429 1.71959e-05 2.46894e-06 4.88013e-07 -2.68519e-05
0 0 3430 1.71959e-05 2.46894e-06 4.88013e-07 -2.68519e-05
0 0 3431 1.71959e-05 2.46894e-06 4.88013e-07 -2.68519e-05
0 0 3432 1.71959e-05 2.46894e-06 4.88013e-07 -2.68519e-05
0 0 3433 1.71959e-05 2.46894e-06 4.88013e-07 -2.68519e-05
0 0 3434 1.71959e-05 2.46894e-06 4.88013e-07 -2.68519e-05
0 0 3435 1.71959e-05 2.46894e-06 4.88013e-07 -2.68519e-05
0 0 3436 1.71959e-05 2.46894e-06 4.88013e-07 -2.68519e-05
0 0 3437 1.71959e-05 2.46894e-06 4.88013e-07 -2.68519e-05
0 0 3438 1.71959e-05 2.46894e-06 4.88013e-07 -2.68519e-05
0 0 3439 1.71959e-05 2.46894e-06 4.88013e-07 -2.68519e-05
0 0 3440 1.71959e-05 2.46894e-06 4.88013e-07 -2.68519e-05
0 0 3441 1.71959e-05 2.46894e-06 4.88013e-07 -2.68519e-05
0 0 3442 1.71959e-05 2.46894e-06 4.88013e-07 -2.68519e-05
0 0 3443 1.71959e-05 2.46894e-06 4.88013e-07 -2.68519e-05
0 0 3444 1.71959e-05 2.46894e-06 4.88013e-07 -2.68519e-05
0 0 3445 1.71959e-05 2.46894e-06 4.88013e-07 -2.68519e-05
0 0 3446 1.71959e-05 2.46894e-06 4.88013e-07 -2.68519e-05
0 0 3447 1.71959e-05 2.46894e-06 4.88013e-07 -2.68519e-05
0 0 3448 1.71959e-05 2.46894e-06 4.88013e-07 -2.68519e-05
0 0 3449 1.71959e-05 2.46894e-06 4.88013e-07 -2.68519e-05
0 0 3450 1.71959e-05 2.46894e-06 4.88013e-07 -2.68519e-05
0 0 3451 1.71959e-05 2.46894e-06 4.88013e-07 -2.68519e-05
0 0 3452 1.71959e-05 2.46894e-06 4.88013e-07 -2.68519e-05
0 0 3453 1.71959e-05 2.46894e-06 4.88013e-07 -2.68519e-05
0 0 3454 1.71959e-05 2.46894e-06 4.88013e-07 -2.68519e-05
0 0 3455 1.71959e-05 2.46894e-06 4.88013e-07 -2.68519e-05
0 0 3456 1.71959e-05 2.46894e-06 4.88013e-07 -2.68519e-05
0 0 3457 1.71959e-05 2.46894e-06 4.88013e-07 -2.68519e-05
0 0 3458 1.71959e-05 2.46894e-06 4.88013e-07 -2.68519e-05
0 0 3459 1.71959e-05 2.46894e-06 4.88013e-07 -2.68519e-05
0 0 3460 1.71959e-05 2.46894e-06 4.88013e-07 -2.68519e-05
0 0 3461 1.71959e-05 2.46894e-06 4.88013e-07 -2.68519e-05
0 0 3462 1.71959e-05 2.46894e-06 4.88013e-07 -2.68519e-05
0 0 3463 1.71959e-05 2.46894e-06 4.88013e-07 -2.68519e-05
0 0 3464 1.71959e-05 2.46894e-06 4.88013e-07 -2.68519e-05
0 0 3465 1.71959e-05 2.46894e-06 4.88013e-07 -2.68519e-05
0 0 3466 1.71959e-05 2.46894e-06 4.88013e-07 -2.68519e-05
0 0 3467 1.71959e-05 2.46894e-06 4.88013e-07 -2.68519e-05
0 0 3468 1.71959e-05 2.46894e-06 4.88013e-07 -2.68519e-05
0 0 3469 1.71959e-05 2.46894e-06 4.88013e-07 -2.68519e-05
0 0 3470 1.71959e-05 2.46894e-06 4.88013e-07 -2.68519e-05
0 0 3471 1.71959e-05 2.46894e-06 4.88013e-07 -2.68519e-05
0 0 3472 1.71959e-05 2.46894e-06 4.88013e-07 -2.68519e-05
0 0 3473 1.71959e-05 2.46894e-06 4.88013e-07 -2.68519e-05
0 0 3474 1.71959e-05 2.46894e-06 4.88013e-07 -2.68519e-05
0 0 3475 1.71959e-05 2.46894e-06 4.88013e-07 -2.68519e-05
0 0 3476 1.71959e-05 2.46894e-06 4.88013e-07 -2.68519e-05
0 0 3477 1.71959e-05 2.46894e-06 4.88013e-07 -2.68519e-05
0 0 3478 1.71959e-05 2.46894e-06 4.88013e-07 -2.68519e-05
0 0 3479 1.71959e-05 2.46894e-06 4.88013e-07 -2.68519e-05
0 0 3480 1.71959e-05 2.46894e-06 4.88013e-07 -2.68519e-05
0 0 3481 1.71959e-05 2.46894e-06 4.88013e-07 -2.68519e-05
0 0 3482 1.71959e-05 2.46894e-06 4.88013e-07 -2.68519e-05
0 0 3483 1.71959e-05 2.46894e-06 4.88013e-07 -2.68519e-05
0 0 3484 1.71959e-05 2.46894e-06 4.88013e-07 -2.68519e-05
0 0 3485 1.71959e-05 2.46894e-06 4.88013e-07 -2.68519e-05
0 0 3486 1.71959e-05 2.46894e-06 4.88013e-07 -2.68519e-05
0 0 3487 1.71959e-05 2.46894e-06 4.88013e-07 -2.68519e-05
0 0 3488 1.71959e-05 2.46894e-06 4.88013e-07 -2.68519e-05
0 0 3489 1.71959e-05 2.46894e-06 4.88013e-07 -2.68519e-05
0 0 3490 1.71959e-05 2.46894e-06 4.88013e-07 -2.68519e-05
0 0 3491 1.71959e-05 2.46894e-06 4.88013e-07 -2.68519e-05
0 0 3492 1.71959e-05 2.46894e-06 4.88013e-07 -2.68519e-05
0 0 3493 1.71959e-05 2.46894e-06 4.88013e-07 -2.68519e-05
0 0 3494 1.71959e-05 2.46894e-06 4.88013e-07 -2.68519e-05
0 0 3495 1.71959e-05 2.46894e-06 4.88013e-07 -2.68519e-05
0 0 3496 1.71959e-05 2.46894e-06 4.88013e-07 -2.68519e-05
0 0 3497 1.71959e-05 2.46894e-06 4.88013e-07 -2.68519e-05
0 0 3498 1.71959e-05 2.46894e-06 4.88013e-07 -2.68519e-05
0 0 3499 1.71959e-05 2.46894e-06 4.88013e-07 -2.68519e-05
0 0 3500 1.71959e-05 2.46894e-06 4.88013e-07 -2.68519e-05
0 0 3501 1.71959e-05 2.46894e-06 4.88013e-07 -2.68519e-05
0 0 3502 1.71959e-05 2.46894e-06 4.88013e-07 -2.68519e-05
0 0 3503 1.71959e-05 2.46894e-06 4.88013e-07 -2.68519e-05
0 0 3504 1.71959e-05 2.46894e-06 4.88013e-07 -2.68519e-05
0 0 3505 1.71959e-05 2.46894e-06 4.88013e-07 -2.68519e-05
0 0 3506 1.71959e-05 2.46894e-06 4.88013e-07 -2.68519e-05
0 0 3507 1.71959e-05 2.46894e-06 4.88013e-07 -2.68519e-05
0 0 3508 1.71959e-05 2.46894e-06 4.88013e-07 -2.68519e-05
0 0 3509 1.71959e-05 2.46894e-06 4.88013e-07 -2.68519e-05
0 0 3510 1.71959e-05 2.46894e-06 4.88013e-07 -2.68519e-05
0 0 3511 1.71959e-05 2.46894e-06 4.88013e-07 -2.68519e-05
0 0 3512 1.71959e-05 2.46894e-06 4.88013e-07 -2.68519e-05
0 0 3513 1.71959e-05 2.46894e-06 4.88013e-07 -2.68519e-05
0 0 3514 1.71959e-05 2.46894e-06 4.88013e-07 -2.68519e-05
0 0 3515 1.71959e-05 2.46894e-06 4.88013e-07 -2.68519e-05
0 0 3516 1.71959e-05 2.46894e-06 4.88013e-07 -2.68519e-05
0 0 3517 1.71959e-05 2.46894e-06 4.88013e-07 -2.68519e-05
0 0 3518 1.71959e-05 2.46894e-06 4.88013e-07 -2.68519e-05
0 0 3519 1.71959e-05 2.46894e-06 4.88013e-07 -2.68519e-05
0 0 3520 1.71959e-05 2.46894e-06 4.88013e-07 -2.68519e-05
0 0 3521 1.71959e-05 2.46894e-06 4.88013e-07 -2.68519e-05
0 0 3522 1.71959e-05 2.46894e-06 4.88013e-07 -2.68519e-05
0 0 3523 1.71959e-05 2.46894e-06 4.88013e-07 -2.68519e-05
0 0 3524 1.71959e-05 2.46894e-06 4.88013e-07 -2.68519e-05
0 0 3525 1.71959e-05 2.46894e-06 4.88013e-07 -2.68519e-05
0 0 3526 1.71959e-05 2.46894e-06 4.88013e-07 -2.68519e-05
0 0 3527 1.71959e-05 2.46894e-06 4.88013e-07 -2.68519e-05
0 0 3528 1.71959e-05 2.46894e-06 4.88013e-07 -2.68519e-05
0 0 3529 1.71959e-05 2.46894e-06 4.88013e-07 -2.68519e-05
0 0 3530 1.71959e-05 2.46894e-06 4.88013e-07 -2.68519e-05
0 0 3531 1.71959e-05 2.46894e-06 4.88013e-07 -2.68519e-05
0 0 3532 1.71959e-05 2.46894e-06 4.88013e-07 -2.68519e-05
0 0 3533 1.71959e-05 2.46894e-06 4.88013e-07 -2.68519e-05
0 0 3534 1.71959e-05 2.46894e-06 4.88013e-07 -2.68519e-05
0 0 3535 1.71959e-05 2.46894e-06 4.88013e-07 -2.68519e-05
0 0 3536 1.71959e-05 2.46894e-06 4.88013e-07 -2.68519e-05
0 0 3537 1.71959e-05 2.46894e-06 4.88013e-07 -2.68519e-05
0 0 3538 1.71959e-05 2.46894e-06 4.88013e-07 -2.68519e-05
0 0 3539 1.71959e-05 2.46894e-06 4.88013e-07 -2.68519e-05
0 0 3540 1.71959e-05 2.46894e-06 4.88013e-07 -2.68519e-05
0 0 3541 1.71959e-05 2.46894e-06 4.88013e-07 -2.68519e-05
0 0 3542 1.71959e-05 2.46894e-06 4.88013e-07 -2.68519e-05
0 0 3543 1.71959e-05 2.46894e-06 4.88013e-07 -2.68519e-05
0 0 3544 1.71959e-05 2.46894e-06 4.88013e-07 -2.68519e-05
0 0 3545 1.71959e-05 2.46894e-06 4.88013e-07 -2.68519e-05
0 0 3546 1.71959e-05 2.46894e-06 4.88013e-07 -2.68519e-05
0 0 3547 1.71959e-05 2.46894e-06 4.88013e-07 -2.68519e-05
0 0 3548 1.71959e-05 2.46894e-06 4.88013e-07 -2.68519e-05
0 0 3549 1.71959e-05 2.46894e-06 4.88013e-07 -2.68519e-05
0 0 3550 1.71959e-05 2.46894e-06 4.88013e-07 -2.68519e-05
0 0 3551 1.71959e-05 2.46894e-06 4.88013e-07 -2.68519e-05
0 0 3552 1.71959e-05 2.46894e-06 4.88013e-07 -2.68519e-05
0 0 3553 1.71959e-05 2.46894e-06 4.88013e-07 -2.68519e-05
0 0 3554 1.71959e-05 2.46894e-06 4.88013e-07 -2.68519e-05
0 0 3555 1.71959e-05 2.46894e-06 4.88013e-07 -2.68519e-05
0 0 3556 1.71959e-05 2.46894e-06 4.88013e-07 -2.68519e-05
0 0 3557 1.71959e-05 2.46894e-06 4.88013e-07 -2.68519e-05
0 0 3558 1.71959e-05 2.46894e-06 4.88013e-07 -2.68519e-05
0 0 3559 1.71959e-05 2.46894e-06 4.88013e-07 -2.68519e-05
0 0 3560 1.71959e-05 2.46894e-06 4.88013e-07 -2.68519e-05
0 0 3561 1.71959e-05 2.46894e-06 4.88013e-07 -2.68519e-05
0 0 3562 1.71959e-05 2.46894e-06 4.88013e-07 -2.68519e-05
0 0 3563 1.71959e-05 2.46894e-06 4.88013e-07 -2.68519e-05
0 0 3564 1.71959e-05 2.46894e-06 4.88013e-07 -2.68519e-05
0 0 3565 1.71959e-05 2.46894e-06 4.88013e-07 -2.68519e-05
0 0 3566 1.71959e-05 2.46894e-06 4.88013e-07 -2.68519e-05
0 0 3567 1.71959e-05 2.46894e-06 4.88013e-07 -2.68519e-05
0 0 3568 1.71959e-05 2.46894e-06 4.88013e-07 -2.68519e-05
0 0 3569 1.71959e-05 2.46894e-06 4.88013e-07 -2.68519e-05
0 0 3570 1.71959e-05 2.46894e-06 4.88013e-07 -2.68519e-05
0 0 3571 1.71959e-05 2.46894e-06 4.88013e-07 -2.68519e-05
0 0 3572 1.71959e-05 2.46894e-06 4.88013e-07 -2.68519e-05
0 0 3573 1.71959e-05 2.46894e-06 4.88013e-07 -2.68519e-05
0 0 3574 1.71959e-05 2.46894e-06 4.88013e-07 -2.68519e-05
0 0 3575 1.71959e-05 2.46894e-06 4.88013e-07 -2.68519e-05
0 0 3576 1.71959e-05 2.46894e-06 4.88013e-07 -2.68519e-05
0 0 3577 1.71959e-05 2.46894e-06 4.88013e-07 -2.68519e-05
0 0 3578 1.71959e-05 2.46894e-06 4.88013e-07 -2.68519e-05
0 0 3579 1.71959e-05 2.46894e-06 4.88013e-07 -2.68519e-05
0 0 3580 1.71959e-05 2.46894e-06 4.88013e-07 -2.68519e-05
0 0 3581 1.71959e-05 2.46894e-06 4.88013e-07 -2.68519e-05
0 0 3582 1.71959e-05 2.46894e-06 4.88013e-07 -2.68519e-05
0 0 3583 1.71959e-05 2.46894e-06 4.88013e-07 -2.68519e-05
0 0 3584 1.71959e-05 2.46894e-06 4.88013e-07 -2.68519e-05
0 0 3585 1.71959e-05 2.46894e-06 4.88013e-07 -2.68519e-05
0 0 3586 1.71959e-05 2.46894e-06 4.88013e-07 -2.68519e-05
0 0 3587 1.71959e-05 2.46894e-06 4.88013e-07 -2.68519e-05
0 0 3588 1.71959e-05 2.46894e-06 4.88013e-07 -2.68519e-05
0 0 3589 1.71959e-05 2.46894e-06 4.88013e-07 -2.68519e-05
0 0 3590 1.71959e-05 2.46894e-06 4.88013e-07 -2.68519e-05
0 0 3591 1.71959e-05 2.46894e-06 4.88013e-07 -2.68519e-05
0 0 3592 1.71959e-05 2.46894e-06 4.88013e-07 -2.68519e-05
0 0 3593 1.71959e-05 2.46894e-06 4.88013e-07 -2.68519e-05
0 0 3594 1.71959e-05 2.46894e-06 4.88013e-07 -2.68519e-05
0 0 3595 1.71959e-05 2.46894e-06 4.88013e-07 -2.68519e-05
0 0 3596 1.71959e-05 2.46894e-06 4.88013e-07 -2.68519e-05
0 0 3597 1.71959e-05 2.46894e-06 4.88013e-07 -2.68519e-05
0 0 3598 1.71959e-05 2.46894e-06 4.88013e-07 -2.68519e-05
0 0 3599 1.71959e-05 2.46894e-06 4.88013e-07 -2.68519e-05
0 0 3600 1.71959e-05 2.46894e-06 4.88013e-07 -2.68519e-05
0 0 3601 1.71959e-05 2.46894e-06 4.88013e-07 -2.68519e-05
0 0 3602 1.71959e-05 2.46894e-06 4.88013e-07 -2.68519e-05
0 0 3603 1.71959e-05 2.46894e-06 4.88013e-07 -2.68519e-05
0 0 3604 1.71959e-05 2.46894e-06 4.88013e-07 -2.68519e-05
0 0 3605 1.71959e-05 2.46894e-06 4.88013e-07 -2.68519e-05
0 0 3606 1.71959e-05 2.46894e-06 4.88013e-07 -2.68519e-05
0 0 3607 1.71959e-05 2.46894e-06 4.88013e-07 -2.68519e-05
0 0 3608 1.71959e-05 2.46894e-06 4.88013e-07 -2.68519e-05
0 0 3609 1.71959e-05 2.46894e-06 4.88013e-07 -2.68519e-05
0 0 3610 1.71959e-05 2.46894e-06 4.88013e-07 -2.68519e-05
0 0 3611 1.71959e-05 2.46894e-06 4.88013e-07 -2.68519e-05
0 0 3612 1.71959e-05 2.46894e-06 4.88013e-07 -2.68519e-05
0 0 3613 1.71959e-05 2.46894e-06 4.88013e-07 -2.68519e-05
0 0 3614 1.71959e-05 2.46894e-06 4.88013e-07 -2.68519e-05
0 0 3615 1.71959e-05 2.46894e-06 4.88013e-07 -2.68519e-05
0 0 3616 1.71959e-05 2.46894e-06 4.88013e-07 -2.68519e-05
0 0 3617 1.71959e-05 2.46894e-06 4.88013e-07 -2.68519e-05
0 0 3618 1.71959e-05 2.46894e-06 4.88013e-07 -2.68519e-05
0 0 3619 1.71959e-05 2.46894e-06 4.88013e-07 -2.68519e-05
0 0 3620 1.71959e-05 2.46894e-06 4.88013e-07 -2.68519e-05
0 0 3621 1.71959e-05 2.46894e-06 4.88013e-07 -2.68519e-05
0 0 3622 1.71959e-05 2.46894e-06 4.88013e-07 -2.68519e-05
0 0 3623 1.71959e-05 2.46894e-06 4.88013e-07 -2.68519e-05
0 0 3624 1.71959e-05 2.46894e-06 4.88013e-07 -2.68519e-05
0 0 3625 1.71959e-05 2.46894e-06 4.88013e-07 -2.68519e-05
0 0 3626 1.71959e-05 2.46894e-06 4.88013e-07 -2.68519e-05
0 0 3627 1.71959e-05 2.46894e-06 4.88013e-07 -2.68519e-05
0 0 3628 1.71959e-05 2.46894e-06 4.88013e-07 -2.68519e-05
0 0 3629 1.71959e-05 2.46894e-06 4.88013e-07 -2.68519e-05
0 0 3630 1.71959e-05 2.46894e-06 4.88013e-07 -2.68519e-05
0 0 3631 1.71959e-05 2.46894e-06 4.88013e-07 -2.68519e-05
0 0 3632 1.71959e-05 2.46894e-06 4.88013e-07 -2.68519e-05
0 0 3633 1.71959e-05 2.46894e-06 4.88013e-07 -2.68519e-05
0 0 3634 1.71959e-05 2.46894e-06 4.88013e-07 -2.68519e-05
0 0 3635 1.71959e-05 2.46894e-06 4.88013e-07 -2.68519e-05
0 0 3636 1.71959e-05 2.46894e-06 4.88013e-07 -2.68519e-05
0 0 3637 1.71959e-05 2.46894e-06 4.88013e-07 -2.68519e-05
0 0 3638 1.71959e-05 2.46894e-06 4.88013e-07 -2.68519e-05
0 0 3639 1.71959e-05 2.46894e-06 4.88013e-07 -2.68519e-05
0 0 3640 1.71959e-05 2.46894e-06 4.88013e-07 -2.68519e-05
0 0 3641 1.71959e-05 2.46894e-06 4.88013e-07 -2.68519e-05
0 0 3642 1.71959e-05 2.46894e-06 4.88013e-07 -2.68519e-05
0 0 3643 1.71959e-05 2.46894e-06 4.88013e-07 -2.68519e-05
0 0 3644 1.71959e-05 2.46894e-06 4.88013e-07 -2.68519e-05
0 0 3645 1.71959e-05 2.46894e-06 4.88013e-07 -2.68519e-05
0 0 3646 1.71959e-05 2.46894e-06 4.88013e-07 -2.68519e-05
0 0 3647 1.71959e-05 2.46894e-06 4.88013e-07 -2.68519e-05
0 0 3648 1.71959e-05 2.46894e-06 4.88013e-07 -2.68519e-05
0 0 3649 1.71959e-05 2.46894e-06 4.88013e-07 -2.68519e-05
0 0 3650 1.71959e-05 2.46894e-06 4.88013e-07 -2.68519e-05
0 0 3651 1.71959e-05 2.46894e-06 4.88013e-07 -2.68519e-05
0 0 3652 1.71959e-05 2.46894e-06 4.88013e-07 -2.68519e-05
0 0 3653 1.71959e-05 2.46894e-06 4.88013e-07 -2.68519e-05
0 0 3654 1.71959e-05 2.46894e-06 4.88013e-07 -2.68519e-05
0 0 3655 1.71959e-05 2.46894e-06 4.88013e-07 -2.68519e-05
0 0 3656 1.71959e-05 2.46894e-06 4.88013e-07 -2.68519e-05
0 0 3657 1.71959e-05 2.46894e-06 4.88013e-07 -2.68519e-05
0 0 3658 1.71959e-05 2.46894e-06 4.88013e-07 -2.68519e-05
0 0 3659 1.71959e-05 2.46894e-06 4.88013e-07 -2.68519e-05
0 0 3660 1.71959e-05 2.46894e-06 4.88013e-07 -2.68519e-05
0 0 3661 1.71959e-05 2.46894e-06 4.88013e-07 -2.68519e-05
0 0 3662 1.71959e-05 2.46894e-06 4.88013e-07 -2.68519e-05
0 0 3663 1.71959e-05 2.46894e-06 4.88013e-07 -2.68519e-05
0 0 3664 1.71959e-05 2.46894e-06 4.88013e-07 -2.68519e-05
0 0 3665 1.71959e-05 2.46894e-06 4.88013e-07 -2.68519e-05
0 0 3666 1.71959e-05 2.46894e-06 4.88013e-07 -2.68519e-05
0 0 3667 1.71959e-05 2.46894e-06 4.88013e-07 -2.68519e-05
0 0 3668 1.71959e-05 2.46894e-06 4.88013e-07 -2.68519e-05
0 0 3669 1.71959e-05 2.46894e-06 4.88013e-07 -2.68519e-05
0 0 3670 1.71959e-05 2.46894e-06 4.88013e-07 -2.68519e-05
0 0 3671 1.71959e-05 2.46894e-06 4.88013e-07 -2.68519e-05
0 0 3672 1.71959e-05 2.46894e-06 4.88013e-07 -2.68519e-05
0 0 3673 1.71959e-05 2.46894e-06 4.88013e-07 -2.68519e-05
0 0 3674 1.71959e-05 2.46894e-06 4.88013e-07 -2.68519e-05
0 0 3675 1.71959e-05 2.46894e-06 4.88013e-07 -2.68519e-05
0 0 3676 1.71959e-05 2.46894e-06 4.88013e-07 -2.68519e-05
0 0 3677 1.71959e-05 2.46894e-06 4.88013e-07 -2.68519e-05
0 0 3678 1.71959e-05 2.46894e-06 4.88013e-07 -2.68519e-05
0 0 3679 1.71959e-05 2.46894e-06 4.88013e-07 -2.68519e-05
0 0 3680 1.71959e-05 2.46894e-06 4.88013e-07 -2.68519e-05
0 0 3681 1.71959e-05 2.46894e-06 4.88013e-07 -2.68519e-05
0 0 3682 1.71959e-05 2.46894e-06 4.88013e-07 -2.68519e-05
0 0 3683 1.71959e-05 2.46894e-06 4.88013e-07 -2.68519e-05
0 0 3684 1.71959e-05 2.46894e-06 4.88013e-07 -2.68519e-05
0 0 3685 1.71959e-05 2.46894e-06 4.88013e-07 -2.68519e-05
0 0 3686 1.71959e-05 2.46894e-06 4.88013e-07 -2.68519e-05
0 0 3687 1.71959e-05 2.46894e-06 4.88013e-07 -2.68519e-05
0 0 3688 1.71959e-05 2.46894e-06 4.88013e-07 -2.68519e-05
0 0 3689 1.71959e-05 2.46894e-06 4.88013e-07 -2.68519e-05
0 0 3690 1.71959e-05 2.46894e-06 4.88013e-07 -2.68519e-05
0 0 3691 1.71959e-05 2.46894e-06 4.88013e-07 -2.68519e-05
0 0 3692 1.71959e-05 2.46894e-06 4.88013e-07 -2.68519e-05
0 0 3693 1.71959e-05 2.46894e-06 4.88013e-07 -2.68519e-05
0 0 3694 1.71959e-05 2.46894e-06 4.88013e-07 -2.68519e-05
0 0 3695 1.71959e-05 2.46894e-06 4.88013e-07 -2.68519e-05
0 0 3696 1.71959e-05 2.46894e-06 4.88013e-07 -2.68519e-05
0 0 3697 1.71959e-05 2.46894e-06 4.88013e-07 -2.68519e-05
0 0 3698 1.71959e-05 2.46894e-06 4.88013e-07 -2.68519e-05
0 0 3699 1.71959e-05 2.46894e-06 4.88013e-07 -2.68519e-05
0 0 3700 1.71959e-05 2.46894e-06 4.88013e-07 -2.68519e-05
0 0 3701 1.71959e-05 2.46894e-06 4.88013e-07 -2.68519e-05
0 0 3702 1.71959e-05 2.46894e-06 4.88013e-07 -2.68519e-05
0 0 3703 1.71959e-05 2.46894e-06 4.88013e-07 -2.68519e-05
0 0 3704 1.71959e-05 2.46894e-06 4.88013e-07 -2.68519e-05
0 0 3705 1.71959e-05 2.46894e-06 4.88013e-07 -2.68519e-05
0 0 3706 1.71959e-05 2.46894e-06 4.88013e-07 -2.68519e-05
0 0 3707 1.71959e-05 2.46894e-06 4.88013e-07 -2.68519e-05
0 0 3708 1.71959e-05 2.46894e-06 4.88013e-07 -2.68519e-05
0 0 3709 1.71959e-05 2.46894e-06 4.88013e-07 -2.68519e-05
0 0 3710 1.71959e-05 2.46894e-06 4.88013e-07 -2.68519e-05
0 0 3711 1.71959e-05 2.46894e-06 4.88013e-07 -2.68519e-05
0 0 3712 1.71959e-05 2.46894e-06 4.88013e-07 -2.68519e-05
0 0 3713 1.71959e-05 2.46894e-06 4.88013e-07 -2.68519e-05
0 0 3714 1.71959e-05 2.46894e-06 4.88013e-07 -2.68519e-05
0 0 3715 1.71959e-05 2.46894e-06 4.88013e-07 -2.68519e-05
0 0 3716 1.71959e-05 2.46894e-06 4.88013e-07 -2.68519e-05
0 0 3717 1.71959e-05 2.46894e-06 4.88013e-07 -2.68519e-05
0 0 3718 1.71959e-05 2.46894e-06 4.88013e-07 -2.68519e-05
0 0 3719 1.71959e-05 2.46894e-06 4.88013e-07 -2.68519e-05
0 0 3720 1.71959e-05 2.46894e-06 4.88013e-07 -2.68519e-05
0 0 3721 1.71959e-05 2.46894e-06 4.88013e-07 -2.68519e-05
0 0 3722 1.71959e-05 2.46894e-06 4.88013e-07 -2.68519e-05
0 0 3723 1.71959e-05 2.46894e-06 4.88013e-07 -2.68519e-05
0 0 3724 1.71959e-05 2.46894e-06 4.88013e-07 -2.68519e-05
0 0 3725 1.71959e-05 2.46894e-06 4.88013e-07 -2.68519e-05
0 0 3726 1.71959e-05 2.46894e-06 4.88013e-07 -2.68519e-05
0 0 3727 1.71959e-05 2.46894e-06 4.88013e-07 -2.68519e-05
0 0 3728 1.71959e-05 2.46894e-06 4.88013e-07 -2.68519e-05
0 0 3729 1.71959e-05 2.46894e-06 4.88013e-07 -2.68519e-05
0 0 3730 1.71959e-05 2.46894e-06 4.88013e-07 -2.68519e-05
0 0 3731 1.71959e-05 2.46894e-06 4.88013e-07 -2.68519e-05
0 0 3732 1.71959e-05 2.46894e-06 4.88013e-07 -2.68519e-05
0 0 3733 1.71959e-05 2.46894e-06 4.88013e-07 -2.68519e-05
0 0 3734 1.71959e-05 2.46894e-06 4.88013e-07 -2.68519e-05
0 0 3735 1.71959e-05 2.46894e-06 4.88013e-07 -2.68519e-05
0 0 3736 1.71959e-05 2.46894e-06 4.88013e-07 -2.68519e-05
0 0 3737 1.71959e-05 2.46894e-06 4.88013e-07 -2.68519e-05
0 0 3738 1.71959e-05 2.46894e-06 4.88013e-07 -2.68519e-05
0 0 3739 1.71959e-05 2.46894e-06 4.88013e-07 -2.68519e-05
0 0 3740 1.71959e-05 2.46894e-06 4.88013e-07 -2.68519e-05
0 0 3741 1.71959e-05 2.46894e-06 4.88013e-07 -2.68519e-05
0 0 3742 1.71959e-05 2.46894e-06 4.88013e-07 -2.68519e-05
0 0 3743 1.71959e-05 2.46894e-06 4.88013e-07 -2.68519e-05
0 0 3744 1.71959e-05 2.46894e-06 4.88013e-07 -2.68519e-05
0 0 3745 1.71959e-05 2.46894e-06 4.88013e-07 -2.68519e-05
0 0 3746 1.71959e-05 2.46894e-06 4.88013e-07 -2.68519e-05
0 0 3747 1.71959e-05 2.46894e-06 4.88013e-07 -2.68519e-05
0 0 3748 1.71959e-05 2.46894e-06 4.88013e-07 -2.68519e-05
0 0 3749 1.71959e-05 2.46894e-06 4.88013e-07 -2.68519e-05
0 0 3750 1.71959e-05 2.46894e-06 4.88013e-07 -2.68519e-05
0 0 3751 1.71959e-05 2.46894e-06 4.88013e-07 -2.68519e-05
0 0 3752 1.71959e-05 2.46894e-06 4.88013e-07 -2.68519e-05
0 0 3753 1.71959e-05 2.46894e-06 4.88013e-07 -2.68519e-05
0 0 3754 1.71959e-05 2.46894e-06 4.88013e-07 -2.68519e-05
0 0 3755 1.71959e-05 2.46894e-06 4.88013e-07 -2.68519e-05
0 0 3756 1.71959e-05 2.46894e-06 4.88013e-07 -2.68519e-05
0 0 3757 1.71959e-05 2.46894e-06 4.88013e-07 -2.68519e-05
0 0 3758 1.71959e-05 2.46894e-06 4.88013e-07 -2.68519e-05
0 0 3759 1.71959e-05 2.46894e-06 4.88013e-07 -2.68519e-05
0 0 3760 1.71959e-05 2.46894e-06 4.88013e-07 -2.68519e-05
0 0 3761 1.71959e-05 2.46894e-06 4.88013e-07 -2.68519e-05
0 0 3762 1.71959e-05 2.46894e-06 4.88013e-07 -2.68519e-05
0 0 3763 1.71959e-05 2.46894e-06 4.88013e-07 -2.68519e-05
0 0 3764 1.71959e-05 2.46894e-06 4.88013e-07 -2.68519e-05
0 0 3765 1.71959e-05 2.46894e-06 4.88013e-07 -2.68519e-05
0 0 3766 1.71959e-05 2.46894e-06 4.88013e-07 -2.68519e-05
0 0 3767 1.71959e-05 2.46894e-06 4.88013e-07 -2.68519e-05
0 0 3768 1.71959e-05 2.46894e-06 4.88013e-07 -2.68519e-05
0 0 3769 1.71959e-05 2.46894e-06 4.88013e-07 -2.68519e-05
0 0 3770 1.71959e-05 2.46894e-06 4.88013e-07 -2.68519e-05
0 0 3771 1.71959e-05 2.46894e-06 4.88013e-07 -2.68519e-05
0 0 3772 1.71959e-05 2.46894e-06 4.88013e-07 -2.68519e-05
0 0 3773 1.71959e-05 2.46894e-06 4.88013e-07 -2.68519e-05
0 0 3774 1.71959e-05 2.46894e-06 4.88013e-07 -2.68519e-05
0 0 3775 1.71959e-05 2.46894e-06 4.88013e-07 -2.68519e-05
0 0 3776 1.71959e-05 2.46894e-06 4.88013e-07 -2.68519e-05
0 0 3777 1.71959e-05 2.46894e-06 4.88013e-07 -2.68519e-05
0 0 3778 1.71959e-05 2.46894e-06 4.88013e-07 -2.68519e-05
0 0 3779 1.71959e-05 2.46894e-06 4.88013e-07 -2.68519e-05
0 0 3780 1.71959e-05 2.46894e-06 4.88013e-07 -2.68519e-05
0 0 3781 1.71959e-05 2.46894e-06 4.88013e-07 -2.68519e-05
0 0 3782 1.71959e-05 2.46894e-06 4.88013e-07 -2.68519e-05
0 0 3783 1.71959e-05 2.46894e-06 4.88013e-07 -2.68519e-05
0 0 3784 1.71959e-05 2.46894e-06 4.88013e-07 -2.68519e-05
0 0 3785 1.71959e-05 2.46894e-06 4.88013e-07 -2.68519e-05
0 0 3786 1.71959e-05 2.46894e-06 4.88013e-07 -2.68519e-05
0 0 3787 1.71959e-05 2.46894e-06 4.88013e-07 -2.68519e-05
0 0 3788 1.71959e-05 2.46894e-06 4.88013e-07 -2.68519e-05
0 0 3789 1.71959e-05 2.46894e-06 4.88013e-07 -2.68519e-05
0 0 3790 1.71959e-05 2.46894e-06 4.88013e-07 -2.68519e-05
0 0 3791 1.71959e-05 2.46894e-06 4.88013e-07 -2.68519e-05
0 0 3792 1.71959e-05 2.46894e-06 4.88013e-07 -2.68519e-05
0 0 3793 1.71959e-05 2.46894e-06 4.88013e-07 -2.68519e-05
0 0 3794 1.71959e-05 2.46894e-06 4.88013e-07 -2.68519e-05
0 0 3795 1.71959e-05 2.46894e-06 4.88013e-07 -2.68519e-05
0 0 3796 1.71959e-05 2.46894e-06 4.88013e-07 -2.68519e-05
0 0 3797 1.71959e-05 2.46894e-06 4.88013e-07 -2.68519e-05
0 0 3798 1.71959e-05 2.46894e-06 4.88013e-07 -2.68519e-05
0 0 3799 1.71959e-05 2.46894e-06 4.88013e-07 -2.68519e-05
0 0 3800 1.71959e-05 2.46894e-06 4.88013e-07 -2.68519e-05
0 0 3801 1.71959e-05 2.46894e-06 4.88013e-07 -2.68519e-05
0 0 3802 1.71959e-05 2.46894e-06 4.88013e-07 -2.68519e-05
0 0 3803 1.71959e-05 2.46894e-06 4.88013e-07 -2.68519e-05
0 0 3804 1.71959e-05 2.46894e-06 4.88013e-07 -2.68519e-05
0 0 3805 1.71959e-05 2.46894e-06 4.88013e-07 -2.68519e-05
0 0 3806 1.71959e-05 2.46894e-06 4.88013e-07 -2.68519e-05
0 0 3807 1.71959e-05 2.46894e-06 4.88013e-07 -2.68519e-05
0 0 3808 1.71959e-05 2.46894e-06 4.88013e-07 -2.68519e-05
0 0 3809 1.71959e-05 2.46894e-06 4.88013e-07 -2.68519e-05
0 0 3810 1.71959e-05 2.46894e-06 4.88013e-07 -2.68519e-05
0 0 3811 1.71959e-05 2.46894e-06 4.88013e-07 -2.68519e-05
0 0 3812 1.71959e-05 2.46894e-06 4.88013e-07 -2.68519e-05
0 0 3813 1.71959e-05 2.46894e-06 4.88013e-07 -2.68519e-05
0 0 3814 1.71959e-05 2.46894e-06 4.88013e-07 -2.68519e-05
0 0 3815 1.71959e-05 2.46894e-06 4.88013e-07 -2.68519e-05
0 0 3816 1.71959e-05 2.46894e-06 4.88013e-07 -2.68519e-05
0 0 3817 1.71959e-05 2.46894e-06 4.88013e-07 -2.68519e-05
0 0 3818 1.71959e-05 2.46894e-06 4.88013e-07 -2.68519e-05
0 0 3819 1.71959e-05 2.46894e-06 4.88013e-07 -2.68519e-05
0 0 3820 1.71959e-05 2.46894e-06 4.88013e-07 -2.68519e-05
0 0 3821 1.71959e-05 2.46894e-06 4.88013e-07 -2.68519e-05
0 0 3822 1.71959e-05 2.46894e-06 4.88013e-07 -2.68519e-05
0 0 3823 1.71959e-05 2.46894e-06 4.88013e-07 -2.68519e-05
0 0 3824 1.71959e-05 2.46894e-06 4.88013e-07 -2.68519e-05
0 0 3825 1.71959e-05 2.46894e-06 4.88013e-07 -2.68519e-05
0 0 3826 1.71959e-05 2.46894e-06 4.88013e-07 -2.68519e-05
0 0 3827 1.71959e-05 2.46894e-06 4.88013e-07 -2.68519e-05
0 0 3828 1.71959e-05 2.46894e-06 4.88013e-07 -2.68519e-05
0 0 3829 1.71959e-05 2.46894e-06 4.88013e-07 -2.68519e-05
0 0 3830 1.71959e-05 2.46894e-06 4.88013e-07 -2.68519e-05
0 0 3831 1.71959e-05 2.46894e-06 4.88013e-07 -2.68519e-05
0 0 3832 1.71959e-05 2.46894e-06 4.88013e-07 -2.68519e-05
0 0 3833 1.71959e-05 2.46894e-06 4.88013e-07 -2.68519e-05
0 0 3834 1.71959e-05 2.46894e-06 4.88013e-07 -2.68519e-05
0 0 3835 1.71959e-05 2.46894e-06 4.88013e-07 -2.68519e-05
0 0 3836 1.71959e-05 2.46894e-06 4.88013e-07 -2.68519e-05
0 0 3837 1.71959e-05 2.46894e-06 4.88013e-07 -2.68519e-05
0 0 3838 1.71959e-05 2.46894e-06 4.88013e-07 -2.68519e-05
0 0 3839 1.71959e-05 2.46894e-06 4.88013e-07 -2.68519e-05
0 0 3840 1.71959e-05 2.46894e-06 4.88013e-07 -2.68519e-05
0 0 3841 1.71959e-05 2.46894e-06 4.88013e-07 -2.68519e-05
0 0 3842 1.71959e-05 2.46894e-06 4.88013e-07 -2.68519e-05
0 0 3843 1.71959e-05 2.46894e-06 4.88013e-07 -2.68519e-05
0 0 3844 1.71959e-05 2.46894e-06 4.88013e-07 -2.68519e-05
0 0 3845 1.71959e-05 2.46894e-06 4.88013e-07 -2.68519e-05
0 0 3846 1.71959e-05 2.46894e-06 4.88013e-07 -2.68519e-05
0 0 3847 1.71959e-05 2.46894e-06 4.88013e-07 -2.68519e-05
0 0 3848 1.71959e-05 2.46894e-06 4.88013e-07 -2.68519e-05
0 0 3849 1.71959e-05 2.46894e-06 4.88013e-07 -2.68519e-05
0 0 3850 1.71959e-05 2.46894e-06 4.88013e-07 -2.68519e-05
0 0 3851 1.71959e-05 2.46894e-06 4.88013e-07 -2.68519e-05
0 0 3852 1.71959e-05 2.46894e-06 4.88013e-07 -2.68519e-05
0 0 3853 1.71959e-05 2.46894e-06 4.88013e-07 -2.68519e-05
0 0 3854 1.71959e-05 2.46894e-06 4.88013e-07 -2.68519e-05
0 0 3855 1.71959e-05 2.46894e-06 4.88013e-07 -2.68519e-05
0 0 3856 1.71959e-05 2.46894e-06 4.88013e-07 -2.68519e-05
0 0 3857 1.71959e-05 2.46894e-06 4.88013e-07 -2.68519e-05
0 0 3858 1.71959e-05 2.46894e-06 4.88013e-07 -2.68519e-05
0 0 3859 1.71959e-05 2.46894e-06 4.88013e-07 -2.68519e-05
0 0 3860 1.71959e-05 2.46894e-06 4.88013e-07 -2.68519e-05
0 0 3861 1.71959e-05 2.46894e-06 4.88013e-07 -2.68519e-05
0 0 3862 1.71959e-05 2.46894e-06 4.88013e-07 -2.68519e-05
0 0 3863 1.71959e-05 2.46894e-06 4.88013e-07 -2.68519e-05
0 0 3864 1.71959e-05 2.46894e-06 4.88013e-07 -2.68519e-05
0 0 3865 1.71959e-05 2.46894e-06 4.88013e-07 -2.68519e-05
0 0 3866 1.71959e-05 2.46894e-06 4.88013e-07 -2.68519e-05
0 0 3867 1.71959e-05 2.46894e-06 4.88013e-07 -2.68519e-05
0 0 3868 1.71959e-05 2.46894e-06 4.88013e-07 -2.68519e-05
0 0 3869 1.71959e-05 2.46894e-06 4.88013e-07 -2.68519e-05
0 0 3870 1.71959e-05 2.46894e-06 4.88013e-07 -2.68519e-05
0 0 3871 1.71959e-05 2.46894e-06 4.88013e-07 -2.68519e-05
0 0 3872 1.71959e-05 2.46894e-06 4.88013e-07 -2.68519e-05
0 0 3873 1.71959e-05 2.46894e-06 4.88013e-07 -2.68519e-05
0 0 3874 1.71959e-05 2.46894e-06 4.88013e-07 -2.68519e-05
0 0 3875 1.71959e-05 2.46894e-06 4.88013e-07 -2.68519e-05
0 0 3876 1.71959e-05 2.46894e-06 4.88013e-07 -2.68519e-05
0 0 3877 1.71959e-05 2.46894e-06 4.88013e-07 -2.68519e-05
0 0 3878 1.71959e-05 2.46894e-06 4.88013e-07 -2.68519e-05
0 0 3879 1.71959e-05 2.46894e-06 4.88013e-07 -2.68519e-05
0 0 3880 1.71959e-05 2.46894e-06 4.88013e-07 -2.68519e-05
0 0 3881 1.71959e-05 2.46894e-06 4.88013e-07 -2.68519e-05
0 0 3882 1.71959e-05 2.46894e-06 4.88013e-07 -2.68519e-05
0 0 3883 1.71959e-05 2.46894e-06 4.88013e-07 -2.68519e-05
0 0 3884 1.71959e-05 2.46894e-06 4.88013e-07 -2.68519e-05
0 0 3885 1.71959e-05 2.46894e-06 4.88013e-07 -2.68519e-05
0 0 3886 1.71959e-05 2.46894e-06 4.88013e-07 -2.68519e-05
0 0 3887 1.71959e-05 2.46894e-06 4.88013e-07 -2.68519e-05
0 0 3888 1.71959e-05 2.46894e-06 4.88013e-07 -2.68519e-05
0 0 3889 1.71959e-05 2.46894e-06 4.88013e-07 -2.68519e-05
0 0 3890 1.71959e-05 2.46894e-06 4.88013e-07 -2.68519e-05
0 0 3891 1.71959e-05 2.46894e-06 4.88013e-07 -2.68519e-05
0 0 3892 1.71959e-05 2.46894e-06 4.88013e-07 -2.68519e-05
0 0 3893 1.71959e-05 2.46894e-06 4.88013e-07 -2.68519e-05
0 0 3894 1.71959e-05 2.46894e-06 4.88013e-07 -2.68519e-05
0 0 3895 1.71959e-05 2.46894e-06 4.88013e-07 -2.68519e-05
0 0 3896 1.71959e-05 2.46894e-06 4.88013e-07 -2.68519e-05
0 0 3897 1.71959e-05 2.46894e-06 4.88013e-07 -2.68519e-05
0 0 3898 1.71959e-05 2.46894e-06 4.88013e-07 -2.68519e-05
0 0 3899 1.71959e-05 2.46894e-06 4.88013e-07 -2.68519e-05
0 0 3900 1.71959e-05 2.46894e-06 4.88013e-07 -2.68519e-05
0 0 3901 1.71959e-05 2.46894e-06 4.88013e-07 -2.68519e-05
0 0 3902 1.71959e-05 2.46894e-06 4.88013e-07 -2.68519e-05
0 0 3903 1.71959e-05 2.46894e-06 4.88013e-07 -2.68519e-05
0 0 3904 1.71959e-05 2.46894e-06 4.88013e-07 -2.68519e-05
0 0 3905 1.71959e-05 2.46894e-06 4.88013e-07 -2.68519e-05
0 0 3906 1.71959e-05 2.46894e-06 4.88013e-07 -2.68519e-05
0 0 3907 1.71959e-05 2.46894e-06 4.88013e-07 -2.68519e-05
0 0 3908 1.71959e-05 2.46894e-06 4.88013e-07 -2.68519e-05
0 0 3909 1.71959e-05 2.46894e-06 4.88013e-07 -2.68519e-05
0 0 3910 1.71959e-05 2.46894e-06 4.88013e-07 -2.68519e-05
0 0 3911 1.71959e-05 2.46894e-06 4.88013e-07 -2.68519e-05
0 0 3912 1.71959e-05 2.46894e-06 4.88013e-07 -2.68519e-05
0 0 3913 1.71959e-05 2.46894e-06 4.88013e-07 -2.68519e-05
0 0 3914 1.71959e-05 2.46894e-06 4.88013e-07 -2.68519e-05
0 0 3915 1.71959e-05 2.46894e-06 4.88013e-07 -2.68519e-05
0 0 3916 1.71959e-05 2.46894e-06 4.88013e-07 -2.68519e-05
0 0 3917 1.71959e-05 2.46894e-06 4.88013e-07 -2.68519e-05
0 0 3918 1.71959e-05 2.46894e-06 4.88013e-07 -2.68519e-05
0 0 3919 1.71959e-05 2.46894e-06 4.88013e-07 -2.68519e-05
0 0 3920 1.71959e-05 2.46894e-06 4.88013e-07 -2.68519e-05
0 0 3921 1.71959e-05 2.46894e-06 4.88013e-07 -2.68519e-05
0 0 3922 1.71959e-05 2.46894e-06 4.88013e-07 -2.68519e-05
0 0 3923 1.71959e-05 2.46894e-06 4.88013e-07 -2.68519e-05
0 0 3924 1.71959e-05 2.46894e-06 4.88013e-07 -2.68519e-05
0 0 3925 1.71959e-05 2.46894e-06 4.88013e-07 -2.68519e-05
0 0 3926 1.71959e-05 2.46894e-06 4.88013e-07 -2.68519e-05
0 0 3927 1.71959e-05 2.46894e-06 4.88013e-07 -2.68519e-05
0 0 3928 1.71959e-05 2.46894e-06 4.88013e-07 -2.68519e-05
0 0 3929 1.71959e-05 2.46894e-06 4.88013e-07 -2.68519e-05
0 0 3930 1.71959e-05 2.46894e-06 4.88013e-07 -2.68519e-05
0 0 3931 1.71959e-05 2.46894e-06 4.88013e-07 -2.68519e-05
0 0 3932 1.71959e-05 2.46894e-06 4.88013e-07 -2.68519e-05
0 0 3933 1.71959e-05 2.46894e-06 4.88013e-07 -2.68519e-05
0 0 3934 1.71959e-05 2.46894e-06 4.88013e-07 -2.68519e-05
0 0 3935 1.71959e-05 2.46894e-06 4.88013e-07 -2.68519e-05
0 0 3936 1.71959e-05 2.46894e-06 4.88013e-07 -2.68519e-05
0 0 3937 1.71959e-05 2.46894e-06 4.88013e-07 -2.68519e-05
0 0 3938 1.71959e-05 2.46894e-06 4.88013e-07 -2.68519e-05
0 0 3939 1.71959e-05 2.46894e-06 4.88013e-07 -2.68519e-05
0 0 3940 1.71959e-05 2.46894e-06 4.88013e-07 -2.68519e-05
0 0 3941 1.71959e-05 2.46894e-06 4.88013e-07 -2.68519e-05
0 0 3942 1.71959e-05 2.46894e-06 4.88013e-07 -2.68519e-05
0 0 3943 1.71959e-05 2.46894e-06 4.88013e-07 -2.68519e-05
0 0 3944 1.71959e-05 2.46894e-06 4.88013e-07 -2.68519e-05
0 0 3945 1.71959e-05 2.46894e-06 4.88013e-07 -2.68519e-05
0 0 3946 1.71959e-05 2.46894e-06 4.88013e-07 -2.68519e-05
0 0 3947 1.71959e-05 2.46894e-06 4.88013e-07 -2.68519e-05
0 0 3948 1.71959e-05 2.46894e-06 4.88013e-07 -2.68519e-05
0 0 3949 1.71959e-05 2.46894e-06 4.88013e-07 -2.68519e-05
0 0 3950 1.71959e-05 2.46894e-06 4.88013e-07 -2.68519e-05
0 0 3951 1.71959e-05 2.46894e-06 4.88013e-07 -2.68519e-05
0 0 3952 1.71959e-05 2.46894e-06 4.88013e-07 -2.68519e-05
0 0 3953 1.71959e-05 2.46894e-06 4.88013e-07 -2.68519e-05
0 0 3954 1.71959e-05 2.46894e-06 4.88013e-07 -2.68519e-05
0 0 3955 1.71959e-05 2.46894e-06 4.88013e-07 -2.68519e-05
0 0 3956 1.71959e-05 2.46894e-06 4.88013e-07 -2.68519e-05
0 0 3957 1.71959e-05 2.46894e-06 4.88013e-07 -2.68519e-05
0 0 3958 1.71959e-05 2.46894e-06 4.88013e-07 -2.68519e-05
0 0 3959 1.71959e-05 2.46894e-06 4.88013e-07 -2.68519e-05
0 0 3960 1.71959e-05 2.46894e-06 4.88013e-07 -2.68519e-05
0 0 3961 1.71959e-05 2.46894e-06 4.88013e-07 -2.68519e-05
0 0 3962 1.71959e-05 2.46894e-06 4.88013e-07 -2.68519e-05
0 0 3963 1.71959e-05 2.46894e-06 4.88013e-07 -2.68519e-05
0 0 3964 1.71959e-05 2.46894e-06 4.88013e-07 -2.68519e-05
0 0 3965 1.71959e-05 2.46894e-06 4.88013e-07 -2.68519e-05
0 0 3966 1.71959e-05 2.46894e-06 4.88013e-07 -2.68519e-05
0 0 3967 1.71959e-05 2.46894e-06 4.88013e-07 -2.68519e-05
0 0 3968 1.71959e-05 2.46894e-06 4.88013e-07 -2.68519e-05
0 0 3969 1.71959e-05 2.46894e-06 4.88013e-07 -2.68519e-05
0 0 3970 1.71959e-05 2.46894e-06 4.88013e-07 -2.68519e-05
0 0 3971 1.71959e-05 2.46894e-06 4.88013e-07 -2.68519e-05
0 0 3972 1.71959e-05 2.46894e-06 4.88013e-07 -2.68519e-05
0 0 3973 1.71959e-05 2.46894e-06 4.88013e-07 -2.68519e-05
0 0 3974 1.71959e-05 2.46894e-06 4.88013e-07 -2.68519e-05
0 0 3975 1.71959e-05 2.46894e-06 4.88013e-07 -2.68519e-05
0 0 3976 1.71959e-05 2.46894e-06 4.88013e-07 -2.68519e-05
0 0 3977 1.71959e-05 2.46894e-06 4.88013e-07 -2.68519e-05
0 0 3978 1.71959e-05 2.46894e-06 4.88013e-07 -2.68519e-05
0 0 3979 1.71959e-05 2.46894e-06 4.88013e-07 -2.68519e-05
0 0 3980 1.71959e-05 2.46894e-06 4.88013e-07 -2.68519e-05
0 0 3981 1.71959e-05 2.46894e-06 4.88013e-07 -2.68519e-05
0 0 3982 1.71959e-05 2.46894e-06 4.88013e-07 -2.68519e-05
0 0 3983 1.71959e-05 2.46894e-06 4.88013e-07 -2.68519e-05
0 0 3984 1.71959e-05 2.46894e-06 4.88013e-07 -2.68519e-05
0 0 3985 1.71959e-05 2.46894e-06 4.88013e-07 -2.68519e-05
0 0 3986 1.71959e-05 2.46894e-06 4.88013e-07 -2.68519e-05
0 0 3987 1.71959e-05 2.46894e-06 4.88013e-07 -2.68519e-05
0 0 3988 1.71959e-05 2.46894e-06 4.88013e-07 -2.68519e-05
0 0 3989 1.71959e-05 2.46894e-06 4.88013e-07 -2.68519e-05
0 0 3990 1.71959e-05 2.46894e-06 4.88013e-07 -2.68519e-05
0 0 3991 1.71959e-05 2.46894e-06 4.88013e-07 -2.68519e-05
0 0 3992 1.71959e-05 2.46894e-06 4.88013e-07 -2.68519e-05
0 0 3993 1.71959e-05 2.46894e-06 4.88013e-07 -2.68519e-05
0 0 3994 1.71959e-05 2.46894e-06 4.88013e-07 -2.68519e-05
0 0 3995 1.71959e-05 2.46894e-06 4.88013e-07 -2.68519e-05
0 0 3996 1.71959e-05 2.46894e-06 4.88013e-07 -2.68519e-05
0 0 3997 1.71959e-05 2.46894e-06 4.88013e-07 -2.68519e-05
0 0 3998 1.71959e-05 2.46894e-06 4.88013e-07 -2.68519e-05
0 0 3999 1.71959e-05 2.46894e-06 4.88013e-07 -2.68519e-05
0 0 4000 1.71959e-05 2.46894e-06 4.88013e-07 -2.68519e-05
0 0 4001 1.71959e-05 2.46894e-06 4.88013e-07 -2.68519e-05
0 0 4002 1.71959e-05 2.46894e-06 4.88013e-07 -2.68519e-05
0 0 4003 1.71959e-05 2.46894e-06 4.88013e-07 -2.68519e-05
0 0 4004 1.71959e-05 2.46894e-06 4.88013e-07 -2.68519e-05
0 0 4005 1.71959e-05 2.46894e-06 4.88013e-07 -2.68519e-05
0 0 4006 1.71959e-05 2.46894e-06 4.88013e-07 -2.68519e-05
0 0 4007 1.71959e-05 2.46894e-06 4.88013e-07 -2.68519e-05
0 0 4008 1.71959e-05 2.46894e-06 4.88013e-07 -2.68519e-05
0 0 4009 1.71959e-05 2.46894e-06 4.88013e-07 -2.68519e-05
0 0 4010 1.71959e-05 2.46894e-06 4.88013e-07 -2.68519e-05
0 0 4011 1.71959e-05 2.46894e-06 4.88013e-07 -2.68519e-05
0 0 4012 1.71959e-05 2.46894e-06 4.88013e-07 -2.68519e-05
0 0 4013 1.71959e-05 2.46894e-06 4.88013e-07 -2.68519e-05
0 0 4014 1.71959e-05 2.46894e-06 4.88013e-07 -2.68519e-05
0 0 4015 1.71959e-05 2.46894e-06 4.88013e-07 -2.68519e-05
0 0 4016 1.71959e-05 2.46894e-06 4.88013e-07 -2.68519e-05
0 0 4017 1.71959e-05 2.46894e-06 4.88013e-07 -2.68519e-05
0 0 4018 1.71959e-05 2.46894e-06 4.88013e-07 -2.68519e-05
0 0 4019 1.71959e-05 2.46894e-06 4.88013e-07 -2.68519e-05
0 0 4020 1.71959e-05 2.46894e-06 4.88013e-07 -2.68519e-05
0 0 4021 1.71959e-05 2.46894e-06 4.88013e-07 -2.68519e-05
0 0 4022 1.71959e-05 2.46894e-06 4.88013e-07 -2.68519e-05
0 0 4023 1.71959e-05 2.46894e-06 4.88013e-07 -2.68519e-05
0 0 4024 1.71959e-05 2.46894e-06 4.88013e-07 -2.68519e-05
0 0 4025 1.71959e-05 2.46894e-06 4.88013e-07 -2.68519e-05
0 0 4026 1.71959e-05 2.46894e-06 4.88013e-07 -2.68519e-05
0 0 4027 1.71959e-05 2.46894e-06 4.88013e-07 -2.68519e-05
0 0 4028 1.71959e-05 2.46894e-06 4.88013e-07 -2.68519e-05
0 0 4029 1.71959e-05 2.46894e-06 4.88013e-07 -2.68519e-05
0 0 4030 1.71959e-05 2.46894e-06 4.88013e-07 -2.68519e-05
0 0 4031 1.71959e-05 2.46894e-06 4.88013e-07 -2.68519e-05
0 0 4032 1.71959e-05 2.46894e-06 4.88013e-07 -2.68519e-05
0 0 4033 1.71959e-05 2.46894e-06 4.88013e-07 -2.68519e-05
0 0 4034 1.71959e-05 2.46894e-06 4.88013e-07 -2.68519e-05
0 0 4035 1.71959e-05 2.46894e-06 4.88013e-07 -2.68519e-05
0 0 4036 1.71959e-05 2.46894e-06 4.88013e-07 -2.68519e-05
0 0 4037 1.71959e-05 2.46894e-06 4.88013e-07 -2.68519e-05
0 0 4038 1.71959e-05 2.46894e-06 4.88013e-07 -2.68519e-05
0 0 4039 1.71959e-05 2.46894e-06 4.88013e-07 -2.68519e-05
0 0 4040 1.71959e-05 2.46894e-06 4.88013e-07 -2.68519e-05
0 0 4041 1.71959e-05 2.46894e-06 4.88013e-07 -2.68519e-05
0 0 4042 1.71959e-05 2.46894e-06 4.88013e-07 -2.68519e-05
0 0 4043 1.71959e-05 2.46894e-06 4.88013e-07 -2.68519e-05
0 0 4044 1.71959e-05 2.46894e-06 4.88013e-07 -2.68519e-05
0 0 4045 1.71959e-05 2.46894e-06 4.88013e-07 -2.68519e-05
0 0 4046 1.71959e-05 2.46894e-06 4.88013e-07 -2.68519e-05
0 0 4047 1.71959e-05 2.46894e-06 4.88013e-07 -2.68519e-05
0 0 4048 1.71959e-05 2.46894e-06 4.88013e-07 -2.68519e-05
0 0 4049 1.71959e-05 2.46894e-06 4.88013e-07 -2.68519e-05
0 0 4050 1.71959e-05 2.46894e-06 4.88013e-07 -2.68519e-05
0 0 4051 1.71959e-05 2.46894e-06 4.88013e-07 -2.68519e-05
0 0 4052 1.71959e-05 2.46894e-06 4.88013e-07 -2.68519e-05
0 0 4053 1.71959e-05 2.46894e-06 4.88013e-07 -2.68519e-05
0 0 4054 1.71959e-05 2.46894e-06 4.88013e-07 -2.68519e-05
0 0 4055 1.71959e-05 2.46894e-06 4.88013e-07 -2.68519e-05
0 0 4056 1.71959e-05 2.46894e-06 4.88013e-07 -2.68519e-05
0 0 4057 1.71959e-05 2.46894e-06 4.88013e-07 -2.68519e-05
0 0 4058 1.71959e-05 2.46894e-06 4.88013e-07 -2.68519e-05
0 0 4059 1.71959e-05 2.46894e-06 4.88013e-07 -2.68519e-05
0 0 4060 1.71959e-05 2.46894e-06 4.88013e-07 -2.68519e-05
0 0 4061 1.71959e-05 2.46894e-06 4.88013e-07 -2.68519e-05
0 0 4062 1.71959e-05 2.46894e-06 4.88013e-07 -2.68519e-05
0 0 4063 1.71959e-05 2.46894e-06 4.88013e-07 -2.68519e-05
0 0 4064 1.71959e-05 2.46894e-06 4.88013e-07 -2.68519e-05
0 0 4065 1.71959e-05 2.46894e-06 4.88013e-07 -2.68519e-05
0 0 4066 1.71959e-05 2.46894e-06 4.88013e-07 -2.68519e-05
0 0 4067 1.71959e-05 2.46894e-06 4.88013e-07 -2.68519e-05
0 0 4068 1.71959e-05 2.46894e-06 4.88013e-07 -2.68519e-05
0 0 4069 1.71959e-05 2.46894e-06 4.88013e-07 -2.68519e-05
0 0 4070 1.71959e-05 2.46894e-06 4.88013e-07 -2.68519e-05
0 0 4071 1.71959e-05 2.46894e-06 4.88013e-07 -2.68519e-05
0 0 4072 1.71959e-05 2.46894e-06 4.88013e-07 -2.68519e-05
0 0 4073 1.71959e-05 2.46894e-06 4.88013e-07 -2.68519e-05
0 0 4074 1.71959e-05 2.46894e-06 4.88013e-07 -2.68519e-05
0 0 4075 1.71959e-05 2.46894e-06 4.88013e-07 -2.68519e-05
0 0 4076 1.71959e-05 2.46894e-06 4.88013e-07 -2.68519e-05
0 0 4077 1.71959e-05 2.46894e-06 4.88013e-07 -2.68519e-05
0 0 4078 1.71959e-05 2.46894e-06 4.88013e-07 -2.68519e-05
0 0 4079 1.71959e-05 2.46894e-06 4.88013e-07 -2.68519e-05
0 0 4080 1.71959e-05 2.46894e-06 4.88013e-07 -2.68519e-05
0 0 4081 1.71959e-05 2.46894e-06 4.88013e-07 -2.68519e-05
0 0 4082 1.71959e-05 2.46894e-06 4.88013e-07 -2.68519e-05
0 0 4083 1.71959e-05 2.46894e-06 4.88013e-07 -2.68519e-05
0 0 4084 1.71959e-05 2.46894e-06 4.88013e-07 -2.68519e-05
0 0 4085 1.71959e-05 2.46894e-06 4.88013e-07 -2.68519e-05
0 0 4086 1.71959e-05 2.46894e-06 4.88013e-07 -2.68519e-05
0 0 4087 1.71959e-05 2.46894e-06 4.88013e-07 -2.68519e-05
0 0 4088 1.71959e-05 2.46894e-06 4.88013e-07 -2.68519e-05
0 0 4089 1.71959e-05 2.46894e-06 4.88013e-07 -2.68519e-05
0 0 4090 1.71959e-05 2.46894e-06 4.88013e-07 -2.68519e-05
0 0 4091 1.71959e-05 2.46894e-06 4.88013e-07 -2.68519e-05
0 0 4092 1.71959e-05 2.46894e-06 4.88013e-07 -2.68519e-05
0 0 4093 1.71959e-05 2.46894e-06 4.88013e-07 -2.68519e-05
0 0 4094 1.71959e-05 2.46894e-06 4.88013e-07 -2.68519e-05
0 0 4095 1.71959e-05 2.46894e-06 4.88013e-07 -2.68519e-05
